Name,Address,Type,YearConstructed,AmenityType
Capulet Park Adult Exercise Station #1,40 Capulet Lane,Adult Exercise Stn,2010,
Capulet Park Adult Exercise Station #2,40 Capulet Lane,Adult Exercise Stn,2010,
Capulet Park Adult Exercise Station #3,40 Capulet Lane,Adult Exercise Stn,2010,
Capulet Park Adult Exercise Station #4,40 Capulet Lane,Adult Exercise Stn,2010,
Capulet Park Adult Exercise Station #5,40 Capulet Lane,Adult Exercise Stn,2010,
Stronach Arena,1221 Sanford St,Arena,1965,
Ray Lanctin / Medway Arena,119 Sherwood Forest Sq,Arena,1967,
Carling Arena,675 Grosvenor St,Arena,1963,
Glen Cairn Arena,370 Chippendale Cres,Arena,1963,
Ice Park Arena,99 Brookside St,Arena,,
Lambeth Arena,7112 Beattie St,Arena,1968,
Oakridge Arena,825 Valetta St,Arena,1962,
Silverwood Arena,50 Sycamore St,Arena,1970,
Western Fair Sports Centre,875 Florence St,Arena,,
Thompson Arena,Western Rd & Philip Aziz Ave,Arena,,
Argyle Arena,1948 Wavell St,Arena,1954,
Earl Nichols Arena,799 Homeview Rd,Arena,1984,
Farquharson Arena,411 Tecumseh Ave E,Arena,1954,
Kinsmen Arena,20 Granville St,Arena,1973,
Budweiser Gardens,99 Dundas St,Arena,2003,
Labatt Park Baseball Stadium - Hardball,25 Wilson Ave,Baseball Stadium,1927,Stadium
West Lions Park Baseball Diamond #1 - Fastball,20 Grandville St,Baseball Diamond,2003,Peewee
McMahen Park Baseball Diamond #1 - Peewee,640 Adelaide St N,Baseball Diamond,2010,Other
Kiwanis Park -North Baseball Diamond #2 - Peewee,612 Hale St,Baseball Diamond,2001,Other
Kiwanis Park -North Baseball Diamond #1 - Hardball,612 Hale St,Baseball Diamond,2001,Peewee
East Lions Park Baseball Diamond #1 - Fastball,1731 Churchill Ave,Baseball Diamond,1999,Other
East Lions Park Baseball Diamond #2 - T-Ball,1731 Churchill Ave,Baseball Diamond,1999,Other
Oakridge Optimist Community Park Baseball Diamond #2 - Mosquito,825 Valetta St,Baseball Diamond,2011,Other
Oakridge Optimist Community Park Baseball Diamond #1 - Mosquito,825 Valetta St,Baseball Diamond,2011,Other
Kensington Park Baseball Diamond #1 - Fastball,16 Fernley Ave,Baseball Diamond,2003,Other
Mornington Park Baseball Diamond #1 - Fastball,800 High Holborn St,Baseball Diamond,2014,Other
Mornington Park Baseball Diamond #2 - Fastball,800 High Holborn St,Baseball Diamond,2011,Other
Jorgenson Park Baseball Diamond #1 - Fastball,1308 Norman Ave,Baseball Diamond,2000,Other
Southcrest Park Baseball Diamond #1 - Mosquito,10 Hazelwood Ave,Baseball Diamond,2015,Other
Stronach Stadium - Fastball,1221 Sandford St,Baseball Diamond,1996,Peewee
Stronach Park Baseball Diamond #1 - Fastball,1221 Sandford St,Baseball Diamond,1996,Peewee
Stronach Park Baseball Diamond #2 - Fastball,1221 Sandford St,Baseball Diamond,1996,Peewee
Norm Aldridge Field Baseball Diamond #4 - Hardball,1221 Sandford St,Baseball Diamond,2011,Regular
Stronach Park Baseball Diamond #3 - Hardball,1221 Sandford St,Baseball Diamond,2012,Regular
Southeast Optimist Park Baseball Diamond #1 - Mosquito,237 Deveron Cres,Baseball Diamond,1996,Other
Southeast Optimist Park Baseball Diamond #2 - Mosquito,237 Deveron Cres,Baseball Diamond,1996,Other
Westmount Lions Park Baseball Diamond #1 - Peewee,784 Viscount Rd,Baseball Diamond,1996,Peewee
Huron Heights Park Baseball Diamond #1 - Mosquito,185 McNay St,Baseball Diamond,2011,Other
Dan Fulham Memorial Baseball Diamond #3 - Hardball,815 Windermere Rd,Baseball Diamond,1996,Regular
Stoneybrook Recreation Field Baseball Diamond #1 - Hardball,815 Windermere Rd,Baseball Diamond,2001,Other
Westmount Park Baseball Diamond #1 - Peewee,196 McMaster Dr,Baseball Diamond,2012,Peewee
CNRA Park Baseball Diamond #2 - Rookie,325 Egerton St,Baseball Diamond,2010,Other
CNRA Park Baseball Diamond #1 - Peewee,325 Egerton St,Baseball Diamond,2010,Peewee
Mildred Barons Park Baseball Diamond #1 - Squirt,444 Kathleen Ave,Baseball Diamond,2003,Other
White Oaks Park Baseball Diamond #1 - Regulation,1119 Jalna Blvd,Baseball Diamond,2000,Regular
White Oaks Park Baseball Diamond #2 - Regulation,1394 Ernest Ave,Baseball Diamond,1996,Regular
Bonaventure Meadows Park Baseball Diamond #2 - Peewee,150 Vaubois Pl,Baseball Diamond,2003,Peewee
Bonaventure Meadows Park Baseball Diamond #1 - Peewee,150 Vaubois Pl,Baseball Diamond,2003,Peewee
Thistledown Park Baseball Diamond #2 - Mosquito,996 Thistledown Way,Baseball Diamond,1996,Other
Thistledown Park Baseball Diamond #1 - Peewee,996 Thistledown Way,Baseball Diamond,1996,Peewee
Hazelden Park Baseball Diamond #1 - Mosquito,430 Hyde Park Rd,Baseball Diamond,2014,Other
Ashley Oaks Park Baseball Diamond #1 - Squirt,65 Elvira Cres,Baseball Diamond,1996,Other
White Oaks Optimist Park Baseball Diamond #1 - Peewee,72 Ponderosa Cres,Baseball Diamond,2000,Peewee
North London Athletic Fields Baseball Diamond #2 - Slow Pitch,1225 Adelaide St N,Baseball Diamond,2003,Peewee
North London Athletic Fields Baseball Diamond #3,1225 Adelaide St N,Baseball Diamond,2001,Regular
North London Athletic Fields Baseball Diamond #1 - Slow Pitch,1225 Adelaide St N,Baseball Diamond,2003,Peewee
Jesse Davidson Park Baseball Diamomd #2 - T-Ball,731 Viscount Rd,Baseball Diamond,1999,Other
Jesse Davidson Park Baseball Diamomd #1 - T-Ball,731 Viscount Rd,Baseball Diamond,1999,Other
Jesse Davidson Park Baseball Diamomd #3 - Peewee,731 Viscount Rd,Baseball Diamond,2012,Peewee
Southwest Optimist Park Baseball Diamond #2 - Peewee,682 Southdale Rd W,Baseball Diamond,1993,Peewee
Southwest Optimist Park Baseball Diamond #1 - Peewee,682 Southdale Rd W,Baseball Diamond,1993,Peewee
Whisperwood Park Baseball Diamond #1 - Peewee,211 Whisperwood Ave,Baseball Diamond,1999,Peewee
Glanworth Park Baseball Diamond #1 - Slow Pitch,6536 Bradish Rd,Baseball Diamond,2001,Other
Glanworth Park Baseball Diamond #2 - Slow Pitch,6536 Bradish Rd,Baseball Diamond,2008,Other
Emily Carr Public School Baseball Diamond #1 - Slow Pitch,44 Hawthorne Rd,Baseball Diamond,,Other
Norwest Optimist Park Baseball Diamond #1 - Peewee,48 Hawthorne Rd,Baseball Diamond,1996,Peewee
Jaycee Park Baseball Diamond #1 - Hardball,1830 Aldersbrook Rd,Baseball Diamond,1996,Peewee
Nelson Park Baseball Diamond #1 - Hardball,142 Kipling Ave,Baseball Diamond,1996,Peewee
Ralph Hamlyn Park Baseball Diamond #1 - Hardball,83 Dennis Ave,Baseball Diamond,2008,Regular
Heritage Park Baseball Diamond #1 - Mosquito,150 Bexhill Dr,Baseball Diamond,2013,Other
City Wide Sports Park Baseball Diamond #1 - Hardball,1510 Commissioners Rd E,Baseball Diamond,1996,Regular
City Wide Sports Park Baseball Diamond #2 - Hardball,1510 Commissioners Rd E,Baseball Diamond,1996,Regular
St. Julien Park Baseball Diamond #1 - Mosquito,15 Tommy Hunter Way,Baseball Diamond,2003,Other
Lambeth Optimist Park Baseball Diamond #1 - Slow Pitch,4200 Campbell St N,Baseball Diamond,1999,Regular
Lambeth Optimist Park Baseball Diamond #2 - Slow Pitch,4200 Campbell St N,Baseball Diamond,2013,Other
Forest City Slow Pitch Baseball Diamond #1 - Slow pitch,54 Price St,Baseball Diamond,2002,Other
Forest City Slow Pitch Baseball Diamond #4 - Slow pitch,54 Price St,Baseball Diamond,2002,Other
Forest City Slow Pitch Baseball Diamond #3 - Slow pitch,54 Price St,Baseball Diamond,2002,Other
Forest City Slow Pitch Baseball Diamond #2 - Slow pitch,54 Price St,Baseball Diamond,2002,Other
Virginia Park Baseball Diamond #1 - Peewee,225 Chambers Ave,Baseball Diamond,2007,Peewee
3M Canada Baseball Diamond #1,1840 Oxford St E,Baseball Diamond,1996,Other
Accuride Canada Baseball Diamond #1,31 Firestone Blvd,Baseball Diamond,,Other
Ecole Marie-Curie Baseball Diamond #2,40 Hunt Club Dr,Baseball Diamond,,Other
Sir Arthur Carty Separate School Baseball Diamond #2,1655 Ernest Ave,Baseball Diamond,,Other
Arthur Ford Public School Baseball Diamond #1,617 Viscount Rd,Baseball Diamond,,Other
Arthur Stringer Public School Baseball Diamond #1,43 Shaftesbury Ave,Baseball Diamond,,Other
Banting Secondary School Baseball Diamond #1,125 Sherwood Forest Sq,Baseball Diamond,,Other
Brick Street Public School Baseball Diamond #1,393 Commissioners Rd W,Baseball Diamond,,Other
Byron Northview Public School Baseball Diamond #1,1370 Commissioners Rd W,Baseball Diamond,,Other
St. Thomas Aquinas Secondary School Baseball Diamond #1,1360 Oxford St W,Baseball Diamond,,Other
Sir Georges Etienne Cartier Public School Baseball Diamond #2,695 Chiddington Ave,Baseball Diamond,,Other
Chippewa Public School Baseball Diamond #2,1035 Chippewa Dr,Baseball Diamond,,Other
Sir Winston Churchill Public School Baseball Diamond #2,1837 Churchill Ave,Baseball Diamond,,Other
Clara Brenton Public School Baseball Diamond #1,1025 St Croix Ave,Baseball Diamond,,Other
Cleardale Public School Baseball Diamond #2,780 Dulaney Dr,Baseball Diamond,,Other
Ecole Frere Andre (FFL) Separate School Baseball Diamond #1,400 Base Line Rd W,Baseball Diamond,,Other
Fairmont Public School Baseball Diamond #1,1040 Hamilton Rd,Baseball Diamond,,Other
Glen Cairn Public School Baseball Diamond #2,53 Frontenac Rd,Baseball Diamond,,Other
Evelyn Harrison Public School Baseball Diamond #1,50 Tewksbury Cres,Baseball Diamond,,Other
Hillcrest Public School Baseball Diamond #1,1231 Fuller St,Baseball Diamond,,Other
Holy Family Separate School Baseball Diamond #1,329 Hudson Dr,Baseball Diamond,,Other
Holy Rosary Separate School Baseball Diamond #1,268 Herkimer St,Baseball Diamond,,Other
Jeanne Sauve French Immersion Public School Baseball Diamond #1,127 Sherwood Forest Sq,Baseball Diamond,,Other
Sir John A. MacDonald Public School Baseball Diamond #1,1150 Landor St,Baseball Diamond,,Other
John Dearness Public School Baseball Diamond #2,555 Sanatorium Rd,Baseball Diamond,,Other
John P. Robarts Public School Baseball Diamond #1,84 Bow St,Baseball Diamond,,Other
F.D. Roosevelt Public School Baseball Diamond #2,560 Second St,Baseball Diamond,,Other
Kensal Park French Immersion Public School Baseball Diamond #1,328 Springbank Dr,Baseball Diamond,,Other
Lord Elgin Public School Baseball Diamond #1,1100 Victoria Dr,Baseball Diamond,,Other
Lord Nelson Public School Baseball Diamond #2,1990 Royal Cres,Baseball Diamond,,Other
Masonville Public School Baseball Diamond #1,25 Hillview Blvd,Baseball Diamond,,Other
Mountsfield Public School Baseball Diamond #2,8 Mountsfield Dr,Baseball Diamond,,Other
Nicholas Wilson Public School Baseball Diamond #1,927 Osgoode Dr,Baseball Diamond,,Other
Northbrae Public School Baseball Diamond #1,335 Belfield St,Baseball Diamond,,Other
Northridge Public School Baseball Diamond #1,25 Mclean Dr,Baseball Diamond,,Other
Notre Dame Separate School Baseball Diamond #1,767 Valetta St,Baseball Diamond,,Other
Orchard Park Public School Baseball Diamond #2,50 Wychwood Pk,Baseball Diamond,,Other
Ecole Ste Jeanne d Arc (FFL) Separate School Baseball Diamond #1,35 Fallons Lane,Baseball Diamond,,Other
Prince Charles Public School Baseball Diamond #1,1601 Wavell St,Baseball Diamond,,Other
Princess Elizabeth Public School Baseball Diamond #1,247 Thompson Rd,Baseball Diamond,,Other
Riverside Public School Baseball Diamond #1,550 Pinetree Dr,Baseball Diamond,,Other
Ryerson Public School Baseball Diamond #1,940 Waterloo St,Baseball Diamond,,Other
St. Anne Separate School Baseball Diamond #1,1366 Huron St,Baseball Diamond,,Other
St. Anthony Separate School Baseball Diamond #1,1380 Ernest Ave,Baseball Diamond,,Other
St. Paul Separate School Baseball Diamond #1,1090 Guildwood Blvd,Baseball Diamond,,Other
St. Thomas More Separate School Baseball Diamond #1,18 Wychwood Pk,Baseball Diamond,,Other
Sir Isaac Brock Public School Baseball Diamond #1,80 St Lawrence Blvd,Baseball Diamond,,Other
Stoneybrook Public School Baseball Diamond #1,1460 Stoneybrook Cres,Baseball Diamond,,Other
Tweedsmuir Public School Baseball Diamond #1,349 Tweedsmuir Ave,Baseball Diamond,,Other
Westdale Public School Baseball Diamond #1,1050 Plantation Rd,Baseball Diamond,,Other
Woodland Heights Public School Baseball Diamond #2,474 Springbank Dr,Baseball Diamond,,Other
A.E. Duffield Public School Baseball Diamond #1,6820 Duffield St,Baseball Diamond,,Other
A.E. Duffield Public School Baseball Diamond #2,6820 Duffield St,Baseball Diamond,,Other
Aberdeen Public School Baseball Diamond #1,580 Grey St,Baseball Diamond,,Other
Academie de la Tamise Baseball Diamond #1,1260 Dundas St,Baseball Diamond,,Other
Arthur Ford Public School Baseball Diamond #2,617 Viscount Rd,Baseball Diamond,,Other
Bishop Townshend Public School Baseball Diamond #1,814 Quebec St,Baseball Diamond,,Other
Bishop Townshend Public School Baseball Diamond #2,814 Quebec St,Baseball Diamond,,Other
Blessed Kateri Separate School Baseball Diamond #1,220 Sunnyside Dr,Baseball Diamond,,Other
Brick Street Public School Baseball Diamond #2,393 Commissioners Rd W,Baseball Diamond,,Other
Byron Northview Public School Baseball Diamond #2,1370 Commissioners Rd W,Baseball Diamond,,Other
Byron Southwood Public School Baseball Diamond #1,1379 Lola St,Baseball Diamond,,Other
Byron Southwood Public School Baseball Diamond #2,1379 Lola St,Baseball Diamond,,Other
Byron Southwood Public School Baseball Diamond #3,1379 Lola St,Baseball Diamond,,Other
Byron Southwood Public School Baseball Diamond #4,1379 Lola St,Baseball Diamond,,Other
C.C. Carrothers Public School Baseball Diamond #1,360 Chippendale Cres,Baseball Diamond,,Other
Chippewa Public School Baseball Diamond #1,1035 Chippewa Dr,Baseball Diamond,,Other
Cleardale Public School Baseball Diamond #1,780 Dulaney Dr,Baseball Diamond,,Other
Ealing Public School Baseball Diamond #1,840 Hamilton Rd,Baseball Diamond,,Other
Ealing Public School Baseball Diamond #2,840 Hamilton Rd,Baseball Diamond,,Other
Ecole Marie-Curie Baseball Diamond #1,40 Hunt Club Dr,Baseball Diamond,,Other
Evelyn Harrison Public School Baseball Diamond #2,50 Tewksbury Cres,Baseball Diamond,,Other
Evelyn Harrison Public School Baseball Diamond #3,50 Tewksbury Cres,Baseball Diamond,,Other
F.D. Roosevelt Public School Baseball Diamond #1,560 Second St,Baseball Diamond,,Other
Fanshawe College Baseball Diamond #1,1460 Oxford St E,Baseball Diamond,,Other
Glen Cairn Public School Baseball Diamond #1,53 Frontenac Rd,Baseball Diamond,,Other
Hillcrest Public School Baseball Diamond #2,1231 Fuller St,Baseball Diamond,,Other
Jeanne Sauve French Immersion Public School Baseball Diamond #2,127 Sherwood Forest Sq,Baseball Diamond,,Other
John Dearness Public School Baseball Diamond #1,555 Sanatorium Rd,Baseball Diamond,,Other
John Paul II Secondary School Baseball Diamond #1,1300 Oxford St E,Baseball Diamond,,Other
Knollwood Public School Baseball Diamond #1,70 Gammage St,Baseball Diamond,,Other
Knollwood Public School Baseball Diamond #2,70 Gammage St,Baseball Diamond,,Other
Lord Nelson Public School Baseball Diamond #1,1990 Royal Cres,Baseball Diamond,,Other
Lord Roberts Public School Baseball Diamond #1,440 Princess Ave,Baseball Diamond,,Other
M.B. McEachren Public School Baseball Diamond #1,4402 Colonel Talbot Rd,Baseball Diamond,,Other
M.B. McEachren Public School Baseball Diamond #2,4402 Colonel Talbot Rd,Baseball Diamond,,Other
Masonville Public School Baseball Diamond #2,25 Hillview Blvd,Baseball Diamond,,Other
Montcalm Secondary School Baseball Diamond #1,1350 Highbury Ave N,Baseball Diamond,,Other
Mountsfield Public School Baseball Diamond #1,8 Mountsfield Dr,Baseball Diamond,,Other
Northridge Public School Baseball Diamond #2,25 Mclean Dr,Baseball Diamond,,Other
Orchard Park Public School Baseball Diamond #1,50 Wychwood Pk,Baseball Diamond,,Other
Eagle Heights Public School Baseball Diamond #1,284 Oxford St W,Baseball Diamond,,Other
Prince Charles Public School Baseball Diamond #2,1601 Wavell St,Baseball Diamond,,Other
Princess Anne French Immersion Public School Baseball Diamond #1,191 Dawn Dr,Baseball Diamond,,Other
Princess Elizabeth Public School Baseball Diamond #2,247 Thompson Rd,Baseball Diamond,,Other
Robarts School for the Deaf Baseball Diamond #1,1090 Highbury Ave N,Baseball Diamond,,Other
Robarts School for the Deaf Baseball Diamond #2,1090 Highbury Ave N,Baseball Diamond,,Other
Sir Arthur Carty Separate School Baseball Diamond #1,1655 Ernest Ave,Baseball Diamond,,Other
Sir Georges Etienne Cartier Public School Baseball Diamond #1,695 Chiddington Ave,Baseball Diamond,,Other
Sir Isaac Brock Public School Baseball Diamond #2,80 St Lawrence Blvd,Baseball Diamond,,Other
Sir John A. MacDonald Public School Baseball Diamond #2,1150 Landor St,Baseball Diamond,,Other
Sir Winston Churchill Public School Baseball Diamond #1,1837 Churchill Ave,Baseball Diamond,,Other
St. Bernadette Separate School Baseball Diamond #1,155 Tweedsmuir Ave,Baseball Diamond,,Other
St. Bernadette Separate School Baseball Diamond #2,155 Tweedsmuir Ave,Baseball Diamond,,Other
St. Georges Public School Baseball Diamond #1,782 Waterloo St,Baseball Diamond,,Other
St. Jude Separate School Baseball Diamond #1,690 Viscount Rd,Baseball Diamond,,Other
St. Jude Separate School Baseball Diamond #4,690 Viscount Rd,Baseball Diamond,,Other
St. Jude Separate School Baseball Diamond #3,690 Viscount Rd,Baseball Diamond,,Other
St. Jude Separate School Baseball Diamond #2,690 Viscount Rd,Baseball Diamond,,Other
St. Marguerite d'Youville Separate School Baseball Diamond #1,170 Hawthorne Rd,Baseball Diamond,,Other
St. Mark Separate School Baseball Diamond #1,1440 Glenora Dr,Baseball Diamond,,Other
St. Pius X Separate School Baseball Diamond #1,255 Vancouver St,Baseball Diamond,,Other
St. Robert Separate School Baseball Diamond #1,1958 Duluth Cres,Baseball Diamond,,Other
St. Sebastian Separate School Baseball Diamond #1,225 Cairn St,Baseball Diamond,,Other
Trafalgar Public School Baseball Diamond #2,919 Trafalgar St,Baseball Diamond,,Other
Trafalgar Public School Baseball Diamond #1,919 Trafalgar St,Baseball Diamond,,Other
Tweedsmuir Public School Baseball Diamond #2,349 Tweedsmuir Ave,Baseball Diamond,,Other
University Heights Public School Baseball Diamond #1,27 Ford Cres,Baseball Diamond,,Other
University Heights Public School Baseball Diamond #2,27 Ford Cres,Baseball Diamond,,Other
W. Sherwood Fox Public School Baseball Diamond #1,660 Steeplechase Dr,Baseball Diamond,,Other
Westminster Central Public School Baseball Diamond #1,2835 Westminster Dr,Baseball Diamond,,Other
Westminster Central Public School Baseball Diamond #2,2835 Westminster Dr,Baseball Diamond,,Other
Wilton Grove Public School Baseball Diamond #2,626 Osgoode Dr,Baseball Diamond,,Other
Woodland Heights Public School Baseball Diamond #1,474 Springbank Dr,Baseball Diamond,,Other
Wortley Road Public School Baseball Diamond #1,301 Wortley Rd,Baseball Diamond,,Other
Forest City Slow Pitch Baseball Diamond #5 - T-Ball,54 Price St,Baseball Diamond,2002,Other
Emily Carr Public School Baseball Diamond #2 - Slow Pitch,44 Hawthorne Rd,Baseball Diamond,,Other
Rick Hansen Public School Baseball Diamond #1,70 Ponderosa Cres,Baseball Diamond,,Other
Southwest Optimist Sports Complex Baseball Diamond #1,146 Exeter Rd,Baseball Diamond,,Other
Southwest Optimist Sports Complex Baseball Diamond #2,146 Exeter Rd,Baseball Diamond,,Other
Southwest Optimist Sports Complex Baseball Diamond #3,146 Exeter Rd,Baseball Diamond,,Other
Southwest Optimist Sports Complex Baseball Diamond #4,146 Exeter Rd,Baseball Diamond,,Other
Southwest Optimist Sports Complex Baseball Diamond #5,146 Exeter Rd,Baseball Diamond,,Other
Southwest Optimist Sports Complex Baseball Diamond #6,146 Exeter Rd,Baseball Diamond,,Other
Southwest Optimist Sports Complex Baseball Diamond #7,146 Exeter Rd,Baseball Diamond,,Other
Southwest Optimist Sports Complex Baseball Diamond #8,146 Exeter Rd,Baseball Diamond,,Other
Southwest Optimist Sports Complex Baseball Diamond #9,146 Exeter Rd,Baseball Diamond,,Other
Southwest Optimist Sports Complex Baseball Diamond #10,146 Exeter Rd,Baseball Diamond,,Other
Southwest Optimist Sports Complex Baseball Diamond #11,146 Exeter Rd,Baseball Diamond,,Other
Southwest Optimist Sports Complex Baseball Diamond #12,146 Exeter Rd,Baseball Diamond,,Other
Southwest Optimist Sports Complex Baseball Diamond #13,146 Exeter Rd,Baseball Diamond,,Other
Southwest Optimist Sports Complex Baseball Diamond #15,146 Exeter Rd,Baseball Diamond,,Other
Southwest Optimist Sports Complex Baseball Diamond #14,146 Exeter Rd,Baseball Diamond,,Other
Byron Optimist Sports Park Baseball Diamond #3,651 Boler Rd,Baseball Diamond,,Other
Byron Optimist Sports Park Baseball Diamond #2,651 Boler Rd,Baseball Diamond,,Other
Byron Optimist Sports Park Baseball Diamond #1,651 Boler Rd,Baseball Diamond,,Other
Mornington Park Baseball Diamond #3 - Fastball,800 High Holborn St,Baseball Diamond,2012,Other
Paul Haggis Park Baseball Diamond #1 - Mosquito,2895 Bateman Trail,Baseball Diamond,2011,Other
Riverbend Park Baseball Diamond #1 - Peewee,1585 Riverbend Rd,Baseball Diamond,2015,PeeWee
Stoneybrook Recreation Field Baseball Diamond #2,815 Windermere Rd,Baseball Diamond,1999,Other
South Branch Park Baseball Diamond #1 - Peewee,2 Homan St,Baseball Diamond,1996,PeeWee
West Lions Park Basketball Court #1 - Full,20 Granville St,Basketball Court,2003,Full
West Lions Park Basketball Court #2 - Half,20 Granville St,Basketball Court,1996,Half
Carling Park Basketball Court #2 - Half,675 Grosvenor St,Basketball Court,2018,Half
Carling Park Basketball Court #1 - Full,675 Grosvenor St,Basketball Court,2017,Full
Doidge Park Basketball Court #1 - Full,300 Cromwell St,Basketball Court,1996,Full
Southeast Optimist Park Basketball Court #1 - Half,237 Deveron Cres,Basketball Court,2008,Half
St. Stephen's Park Basketball Court #1 - Half,1030 Mitchell St,Basketball Court,1999,Half
Westminster Optimist Park Basketball Court #1 - Full,650 Osgoode Dr,Basketball Court,2013,Full
Huron Heights Park Basketball Court #1 - Full,185 McNay St,Basketball Court,2000,Full
Culver Park Basketball Court #1 - Full,1735 Culver Dr,Basketball Court,1996,Full
River East Optimist Park Basketball Court #1 - Full,55 Danielle Cres,Basketball Court,1996,Full
Flanders Park Basketball Court #1 - Half,145 Rhine Ave,Basketball Court,2003,Half
Boyle Park Basketball Court #1 - Full,1010 Princess Ave,Basketball Court,1996,Full
Boyle Park Basketball Court #2 - Half,1010 Princess Ave,Basketball Court,1996,Half
Chesham Heights Park Basketball Court #1 - Full,328 Castlegrove Blvd,Basketball Court,2002,Full
Earl Nichols Park and Arena Basketball Court #1 - Half,799 Homeview Rd,Basketball Court,1996,Half
Belvedere Place Park Basketball Court #1 - Full,457 Belvedere Pl,Basketball Court,1996,Full
Piccadilly Park Basketball Court #1 - Half,695 Waterloo St,Basketball Court,1996,Half
Naiomi Almeida Park Basketball Court #1 - Half,828 Deveron Cres,Basketball Court,2002,Half
Huronview Park Basketball Court #1 - Half,1345 Bentley Dr,Basketball Court,1996,Half
Huntington Park Basketball Court #1 - Full,63 Meadowridge Rd,Basketball Court,1996,Full
Grampian Woods Basketball Court #1 - Half,265 Bournemouth Dr,Basketball Court,1996,Half
Cresthaven Park Basketball Court #1 - Half,104 Parks Edge Cres,Basketball Court,2003,Half
Ambleside Park Basketball Court #1 - Half,257 Ambleside Dr,Basketball Court,1996,Half
Carroll Park Basketball Court #1 - Full,270 Ellerslie Rd,Basketball Court,1996,Full
Heritage Park Basketball Court #1 - Half,150 Bexhill Dr,Basketball Court,2007,Half
St. Julien Park Basketball Court #1 - Full,15 Tommy Hunter Way,Basketball Court,1996,Full
Carling Heights Optimist Community Centre Basketball Court #1 - Full,656 Elizabeth St,Basketball Court,1999,Full
Highland Woods Basketball Court #1 - Half,324 Highview Ave E,Basketball Court,1996,Half
Richard B. Harrison Park Basketball Court #1 - Half,205 South St,Basketball Court,2003,Half
CNRA Park Basketball Court #1 - Full,325 Egerton St,Basketball Court,2007,Full
Heron Haven Park Basketball Court #1 - Half,204 Skyline Ave,Basketball Court,2009,Half
Capulet Park Basketball Court #1 - Full,40 Capulet Lane,Basketball Court,2010,Full
Ed Blake Park Basketball Court #1 - Full,449 Barker St,Basketball Court,2011,Full
Beaverbrook Woods Basketball Court #1 - Half,780 Mapelridge St,Basketball Court,2011,Half
Riverbend Park Basketball Court #1 - Full,1585 Riverbend Rd,Basketball Court,2011,Full
Sugarcreek Park Basketball Court #1 - Full,460 Sugarcreek Trail,Basketball Court,2011,Full
Constitution Park Basketball Court #1 - Full,725 Grenfell Dr,Basketball Court,2013,Full
Kensington Park Basketball Court #1 - Full,16 Fernley Ave,Basketball Court,2014,Full
Foxfield District Park Basketball Court #1 - Full,2384 Buroak Dr,Basketball Court,2013,Full
Blackacres Park Basketball Court #1 - Full,595 Blackacres Park,Basketball Court,2014,Full
White Oaks Park Basketball Court #1 - Full,1394 Ernest Ave,Basketball Court,2003,Full
White Oaks Park Basketball Court #2 - Full,1394 Ernest Ave,Basketball Court,2003,Full
Kiwanis Seniors' Community Centre,78 Riverside Dr,Community Centre,1967,
Lambeth Community Centre,7112 Beattie St,Community Centre,1986,
South London Community Centre,1119 Jalna Blvd,Community Centre,1987,
North London Optimist Community Centre,1345 Cheapside St,Community Centre,1976,
Stronach Community Recreation Centre,1221 Sandford St,Community Centre,1965,
Medway Community Centre,119 Sherwood Forest Sq,Community Centre,1978,
Boyle Memorial Community Centre,530 Charlotte St,Community Centre,1981,
Hamilton Road Seniors' Centre & Community Centre,525 Hamilton Rd,Community Centre,1930,
Byron Optimist Community Centre,1306 Norman Ave,Community Centre,1951,
Springbank Gardens Community Centre,285 Wonderland Rd S,Community Centre,1983,
Earl Nichols Recreation Centre,799 Homeview Rd,Community Centre,1984,
Carling Heights Optimist Community Centre,656 Elizabeth Street,Community Centre,1955,
Stoney Creek Community Centre,920 Sunningdale Rd E,Community Centre,2010,
Kinsmen Recreation Centre,20 Granville St,Community Centre,1973,
Civic Garden Complex,625 Springbank Dr,Community Centre,1981,
Canada Games Aquatic Centre Community Centre,1045 Wonderland Rd N,Community Centre,1991,
Meredith Park Community Garden,450 Nelson St,Community Garden,2012,
Dillabough Community Garden,2 Homan St,Community Garden,2009,
Thames Park Community Garden,15 Ridout St,Community Garden,2000,
University Heights Park Community Garden,290 Trott Dr,Community Garden,2002,
Reservoir Community Garden,552 Crestwood Dr,Community Garden,1996,
Nicholas Wilson Park Community Garden,16 Fitzroy Pl,Community Garden,2001,
Carling Heights Optimist Community Centre Community Garden,656 Elizabeth St,Community Garden,2007,
Meadowlily Community Garden,1510 Commissioners Rd E,Community Garden,2002,
Glen Cairn Community Garden,410 Scenic Dr,Community Garden,2002,
Ann Street Park Community Garden,65 Ann St,Community Garden,2005,
Blackfriars Park - North Community Garden,2 St Patrick St,Community Garden,,
Berkshire Park Community Garden,510 Berkshire Dr,Community Garden,2011,
River Forks Park Community Garden,17 Becher St,Community Garden,2010,
Proudfoot Park - West Community Garden,693 Proudfoot Lane,Community Garden,1996,
North London Athletic Fields Cricket Pitch #1,1225 Adelaide St N,Cricket Pitch,2013,
City Wide Sports Park Football Field #1,1510 Commissioners Rd E,Football Field,2011,Full
City Wide Sports Park Football Field #2,1510 Commissioners Rd E,Football Field,2011,Full
University of Western Ontario Football Field #1,100 Philip Aziz Ave,Football Field,,Full
University of Western Ontario Football Field #2,Huron Dr (pvt),Football Field,,Full
University of Western Ontario Football Field #3,Huron Dr (pvt),Football Field,,Full
Whisperwood Park Multi Use Pad #1,211 Whisperwood Ave,Multi Use Pad,2001,
Carriage Hill Park Multi Use Pad #1,139 Pinebrook Pl,Multi Use Pad,2001,
Carling Park Multi Use Pad #1,675 Grosvenor St,Multi Use Pad,2001,
Ed Blake Park Multi Use Pad #1,449 Barker St,Multi Use Pad,2011,
Meredith Park Multi Use Pad #1,450 Nelson St,Multi Use Pad,2011,
Meredith Park Basketball Court #1 - Full,450 Nelson St,Basketball Court,2011,
Riverbend Park Multi Use Pad #1,1585 Riverbend Rd,Multi Use Pad,2011,
Constitution Park Multi Use Pad #1,725 Grenfell Dr,Multi Use Pad,2013,
Westminster Optimist Park Multi Use Pad #1,650 Osgoode Dr,Multi Use Pad,2013,
Blackacres Park Multi Use Pad #1,595 Blackacres Blvd,Multi Use Pad,2014,
Mornington Park Multi Use Pad #1,800 High Holborn St,Multi Use Pad,2014,
Villagewalk Commons Multi Use Pad #1,160 Villagewalk Blvd,Multi Use Pad,2014,
Boyle Park Multi Use Pad #1,1010 Princess Ave,Multi Use Pad,2016,
Pottersburg - FIDO Off-Leash Dog Park,1139 Hamilton Rd,Off-leash Park,2006,
Stoney Creek Meadows - Off-Leash Dog Park,1343 Adelaide St N,Off-leash Park,2006,
Greenway - Off-Leash Dog Park #1,50 Greenside Ave,Off-leash Park,2008,
Campbell Memorial - Off-Leash Dog Park,380 Dundas St,Off-leash Park,2016,
Caesar's Park - Off-Leash Dog Park,945 Commissioners Rd E,Off-leash Park,2016,
Victoria Park Out Door Ice Rink,580 Clarence St,Outdoor Ice Pad,1996,Outdoor
Covent Market Plaza Out Door Ice Rink,128 King St,Outdoor Ice Pad,2000,Outdoor
Storeybook Gardens Out Door Skating Path,1958 Storeybook Lane,Outdoor Ice Pad,2003,Outdoor
Foxfield District Park Pickleball Court #1,2384 Buroak Dr,Pickleball Court,2013,
Foxfield District Park Pickleball Court #2,2384 Buroak Dr,Pickleball Court,2013,
Mornington Park Pickleball Court #1,800 High Holborn St,Pickleball Court,2014,
Mornington Park Pickleball Court #2,800 High Holborn St,Pickleball Court,2014,
Boyle Park Pickleball Court #1,1010 Princess Ave,Pickleball Court,2016,
Boyle Park Pickleball Court #2,1010 Princess Ave,Pickleball Court,2016,
Gibbons Park Play Structure #1,2A Grosvenor St,Play Structure,2004,
Gibbons Park Play Structure #2,2A Grosvenor St,Play Structure,2003,
West Lions Park Play Structure #1,20 Granville St,Play Structure,1996,
Silverwoods Park Play Structure #1,50 Sycamore St,Play Structure,1996,
Carling Park Play Structure #1,675 Grosvenor St,Play Structure,2018,
McMahen Park Play Structure #1,640 Adelaide St N,Play Structure,2003,
Rowntree Park Play Structure #1,750 Whetter Ave,Play Structure,2004,
Smith Park Play Structure #1,194 Brampton Rd,Play Structure,2001,
Meredith Park Play Structure #1,450 Nelson St,Play Structure,2000,
Doidge Park Play Structure #1,300 Cromwell St,Play Structure,2011,
Murray Park Play Structure #1,75 Cliftonvale Ave,Play Structure,1999,
Glen Cairn Park - North Play Structure #1,150 Helena Ave,Play Structure,1999,
Mornington Park Play Structure #1,800 High Holborn St,Play Structure,2018,
Jorgenson Park Play Structure #1,1308 Norman Ave,Play Structure,1996,
Duchess Avenue Park Play Structure #1,26 Duchess Ave,Play Structure,2000,
Southcrest Park Play Structure #1,10 Hazelwood Ave,Play Structure,2011,
University Heights Park Play Structure #1,290 Trott Dr,Play Structure,2005,
Stronach Park Play Structure #1,1221 Sanford St,Play Structure,2006,
Winblest Park Play Structure #1,640 Winblest Ave,Play Structure,2008,
Arthur Ford Park Play Structure #1,671 Viscount Rd,Play Structure,2001,
Southeast Optimist Park Play Structure #1,237 Deveron Cres,Play Structure,2003,
Wilton Grove Park Play Structure #1,41 Greenfield Dr,Play Structure,2006,
Ebury Park Play Structure #1,112 Ebury Cres,Play Structure,2002,
Berkshire Park Play Structure #1,510 Berkshire Dr,Play Structure,2004,
Oak Park Play Structure #1,1207 Royal York Rd,Play Structure,2002,
Village Green Park Play Structure #1,429 Village Green Ave,Play Structure,2001,
St. Stephen's Park Play Swing Set #1,1030 Mitchel St,Swing Set,2013,
Wellingsboro Park Play Structure #1,955 Willow Dr,Play Structure,1996,
Thornwood Park Play Structure #1,699 Thornwood Dr,Play Structure,2003,
Kensal Park Play Structure #1,150 Chelsea Ave,Play Structure,2011,
Genevive Park Play Structure #1,70 Genevive Cres,Play Structure,1999,
Belvedere Park Play Structure #1,65 Victor St,Play Structure,2002,
Greenway Park Play Structure #1,50 Greenside Ave,Play Structure,1999,
Broughdale Park Play Structure #1,246 Epworth Ave,Play Structure,2000,
St. Lawrence Park Play Structure #1,5 St. Lawrence Blvd,Play Structure,2000,
Glass Avenue Park Play Structure #1,12 Glass Ave,Play Structure,1996,
Westminster Optimist Park Play Structure #1,650 Osgoode Dr,Play Structure,2013,
Westmount Lions Park Play Structure #1,784 Viscount Rd,Play Structure,1999,
Mitches Park Play Structure #1,640 Upper Queen St,Play Structure,2003,
Grand View Park Play Structure #1,385 Grandview Ave,Play Structure,1996,
Forest View Park Play Structure #1,323 Hudson Dr,Play Structure,1996,
Griffith Street Park Play Structure #1,561 Griffith St,Play Structure,1999,
Constitution Park Play Structure #1,725 Grenfell Dr,Play Structure,2013,
Huron Heights Park Play Structure #1,185 McNay St,Play Structure,2000,
CNRA Park Play Structure #1,325 Egerton St,Play Structure,2007,
White Oaks Park Play Structure #3,1119 Jalna Blvd,Play Structure,2003,
White Oaks Park Play Structure #2,1119 Jalna Blvd,Play Structure,2004,
Culver Park Play Structure #1,1735 Culver Dr,Play Structure,1996,
Somerset Woods Play Structure #1,25 Fourwinds Rd,Play Structure,2001,
Gainsborough Meadows Play Structure #1,102 Brandy Lane Rd,Play Structure,2013,
Gainsborough Meadows Play Structure #2,102 Brandy Lane Rd,Play Structure,1999,
River East Optimist Park Play Structure #1,55 Danielle Cres,Play Structure,2017,
Hazelden Park Play Structure #1,430 Hyde Park Rd,Play Structure,2003,
Flanders Park Play Structure #1,145 Rhine Ave,Play Structure,2003,
Ed Blake Park Play Structure #1,449 Barker St,Play Structure,2010,
Boyle Community Centre / Park Play Structure #2,530 Charlotte St,Play Structure,2005,
Boyle Community Centre / Park Play Structure #1,530 Charlotte St,Play Structure,2017,
Ashley Oaks Park Play Structure #1,65 Elvira Cres,Play Structure,2010,
White Oaks Optimist Park Play Structure #1,560 Bradley Ave,Play Structure,2009,
Chesham Heights Park Play Structure #1,328 Castlegrove Blvd,Play Structure,2001,
Earl Nichols Park and Arena Play Structure #1,799 Homeview Rd,Play Structure,2012,
Lynngate Grove Park Play Structure #1,69 Lynngate Grove,Play Structure,2000,
Richard B. Harrison Park Play Structure #1,205 South St,Play Structure,2011,
Piccadilly Park Play Structure #1,695 Waterloo St,Play Structure,2009,
Dunkirk Place Park Play Structure #1,15 Dunkirk Pl,Play Structure,2002,
Naiomi Almeida Park Play Structure #1,828 Deveron Cres,Play Structure,2002,
Rosecliffe Park Play Structure #1,35 Quinella Dr,Play Structure,1996,
Jesse Davidson Park Play Structure #1,731 Viscount Rd,Play Structure,2003,
Whisperwood Park Play Structure #1,211 Whisperwood Ave,Play Structure,2013,
Huronview Park Play Structure #1,1345 Bentley Dr,Play Structure,1996,
Huntington Park Play Structure #1,63 Meadowridge Rd,Play Structure,2011,
Carriage Hill Park Play Structure #1,139 Pinebrook Pl,Play Structure,1996,
Grampian Woods Play Structure #1,265 Bournemouth Dr,Play Structure,1996,
Oakland Avenue Park Play Structure #1,235 Oakland Ave,Play Structure,2014,
Southwinds Park Play Structure #1,3982 West Graham Pl,Play Structure,2003,
Cresthaven Park Play Structure #1,104 Parks Edge Cres,Play Structure,2001,
Cheswick Park Play Structure #1,88 Lacey Cres,Play Structure,2001,
Norwest Optimist Park Play Structure #1,48 Hawthorne Rd,Play Structure,2014,
Norwest Optimist Park Play Structure #2,48 Hawthorne Rd,Play Structure,2014,
Jaycee Park Play Structure #2,1830 Aldersbrook Rd,Play Structure,2008,
Jaycee Park Play Structure #1,1830 Aldersbrook Rd,Play Structure,2000,
Empress Avenue Park Play Structure #1,161 Empress Ave,Play Structure,1996,
Past Presidents Park Play Structure #1,280 Millbank Dr,Play Structure,2001,
River Forks Park Play Structure #1,17 Becher St,Play Structure,2003,
Nelson Park Play Structure #1,142 Kipling Ave,Play Structure,1996,
Ralph Hamlyn Park Play Structure #1,83 Dennis Ave,Play Structure,2007,
Ambleside Park Play Structure #1,257 Ambleside Dr,Play Structure,1996,
Cayuga Park Play Structure #1,64 Cayuga Cres,Play Structure,1996,
Nicholas Wilson Park Play Structure #1,16 Fitzroy Pl,Play Structure,2001,
Carroll Park Play Structure #1,270 Ellerslie Rd,Play Structure,1996,
Heritage Park Play Structure #1,150 Bexhill Dr,Play Structure,2007,
Thames Park Play Structure #1,15 Ridout St S,Play Structure,2003,
St. Julien Park Play Structure #1,15 Tommy Hunter Way,Play Structure,1999,
St. Julien Park Play Structure #2,15 Tommy Hunter Way,Play Structure,1999,
Ivey Park Play Structure #1,331 Thames St,Play Structure,2003,
Ivey Park Play Structure #2,331 Thames St,Play Structure,2003,
Lambeth Centennial Park Play Structure #1,7112 Beattie St,Play Structure,2008,
Helen Mott Shaw Park Play Structure #1,71 Grasmere Cres,Play Structure,2003,
Carling Heights Optimist Community Centre Play Structure #1,656 Elizabeth St,Play Structure,1999,
Highland Woods Play Structure #1,324 Highview Ave E,Play Structure,2017,
Blackfriars Park Play Structure #1,2 Cummings Ave,Play Structure,1999,
Vauxhall Park Play Structure #1,54 Price St,Play Structure,2003,
Virginia Park Play Structure #1,225 Chambers Ave,Play Structure,2012,
Summercrest Park Play Structure #1,30 Alomar Dr,Play Structure,2002,
Glanworth Park Play Structure #1,6536 Bradish Rd,Play Structure,1996,
Basil Grover Park Play Structure #1,555 Wharncliffe Rd S,Play Structure,2001,
Meander Creek Park Play Structure #1,905 Blackmaple Crt,Play Structure,2005,
Virginia Park Play Structure #2,225 Chambers Ave,Play Structure,2006,
Thamesridge Park Play Structure #1,1605 Shore Rd,Play Structure,2003,
Oakridge Optimist Community Park Play Structure #1,825 Valetta St,Play Structure,2010,
Cheltenham Park Play Structure # 1,43 Cheltenham Rd,Play Structure,2006,
Cantebury Park Play Stucture #1,99 Prince Of Wales Gate,Play Structure,2004,
Dalkeith Park Play Structure #1,806 Dalkeith Ave,Play Structure,2005,
Basil Grover Park Play Structure #2,555 Wharncliffe Rd S,Play Structure,2007,
Plane Tree Park Play Structure #1,214 Plane Tree Dr,Play Structure,2007,
Plane Tree Park Play Structure #2,214 Plane Tree Dr,Play Structure,2007,
Northbrook Park Play Structure #1,2135 Blackwater Rd,Play Structure,2007,
Scenic View Park Play Structure #1,80 Chalet Cres,Play Structure,2009,
Heron Haven Park Play Structure #1,204 Skyline Ave,Play Structure,2009,
Lambeth Centennial Park Play Structure #2,7112 Beattie St,Play Structure,2009,
Wenige Park Play Structure #1,1251 South Wenige Dr,Play Structure,2006,
Capulet Park Play Structure #1,40 Capulet Lane,Play Structure,2010,
Stephens Farm Park Play Structure #1,887 South wenige Dr,Play Structure,2010,
Piccadilly Park Play Structure #1,695 Waterloo St,Play Structure,2009,
Paul Haggis Park Play Structure #1,2875 Bateman Trail,Play Structure,2011,
Ed Blake Park Play Structure #2,449 Barker St,Play Structure,2010,
Byron Hills Park Play structure #1,955 Byronmanor Rd,Play Structure,2011,
Beaverbrook Woods Structure #1,780 Mapleridge St,Play Structure,2011,
Kensal Park Structure #1,150 Chelsea Ave,Play Structure,2011,
Oakridge Optimist Community Park Play Structure #2,825 Valetta St,Play Structure,2010,
Piccadilly Park Play Structure #3,695 Waterloo St,Play Structure,2011,
Medway Park Play Structure #1,1051 Wonderland Rd N,Play Structure,2011,
Medway Park Play structure #2,1051 Wonderland Rd N,Play Structure,2011,
Riverbend Park Play Structure #1,1585 Riverbend Rd,Play Structure,2011,
Riverbend Park Play Structure #2,1585 Riverbend Rd,Play Structure,2011,
Stoney Creek Community Centre Play Structure #1,920 Sunningdale Rd E,Play Structure,2011,
Sugarcreek Park Play Structure #1,460 Sugarcreek Trail,Play Structure,2011,
Coronation Park North Play Structure #1,1965 Coronation Dr,Play Structure,2011,
Raleigh Parkette Play Structure #1,6760 Raleigh Blvd,Play Structure,2011,
Forest Hill Park Play Structure #1,1955 Rollingacres Dr,Play Structure,2012,
Cedar Hollow Park Play Structure #1,564 Killarney Rd,Play Structure,2012,
Maple Grove Park Play Structure #1,1260 Coronation Dr,Play Structure,2012,
Talbot Park Play Structure #1,3470 Settlement Trail,Play Structure,2012,
Lambeth Optimist Park Play Structure #1,4200 Campbell St N,Play Structure,2013,
Meadowgate Park Play Structure #1,3155 Meadowgate Blvd,Play Structure,2011,
Meadowgate Park Play Structure #2,3155 Meadowgate Blvd,Play Structure,2011,
Creekside Park Play Structure #1,1480 Privet Pl,Play Structure,2012,
Whetherfield Park Play Structure #1,1115 Whetherfield St,Play Structure,2012,
Pebble Creek Park Play Structure #1,125 Pebblecreek Walk,Play Structure,2013,
Westbury Park Play Structure #1,3350 Singleton Ave,Play Structure,2013,
Trooper Mark Wilson Park Play Structure #1,2070 Wallingford Ave,Play Structure,2013,
Frederick Park Play Structure #1,1940 Frederick Cres,Play Structure,2013,
Foxfield District Park Play Structure #1,2384 Buroak Dr,Play Structure,2013,
Foxfield District Park Play Structure #2,2384 Buroak Dr,Play Structure,2013,
Westminster Optimist Park Play Structure #2,650 Osgoode Dr,Play Structure,2013,
Glen Cairn Park - East Play Structure #1,220 Arlington Cres,Play Structure,2015,
Powell Park Play Structure #1,800 Superior Dr,Play Structure,2015,
Springbank Park Play Structure #1,1085 Commissioners Rd W,Play Structure,2000,
Kiwanis Park - North Play Structure #1,612 Hale St,Play Structure,2000,
Gibbons Park Community Pool,2B Grosvenor St,Outdoor Pool,1975,Outdoor
Silverwoods Park Community Pool,36 Sycamore St,Outdoor Pool,1945,Outdoor
Oakridge Optimist Community Park Community Pool,825 Valetta St,Outdoor Pool,2007,Outdoor
Byron Community Pool,1330 Brock Lane,Outdoor Pool,1965,Outdoor
Southcrest Park Community Pool,10 Hazelwood Ave,Outdoor Pool,1970,Outdoor
Stronach Park Community Pool,1221 Sandford Ave,Outdoor Pool,2003,Outdoor
Westminster Optimist Park Community Pool,650 Osgoode Dr,Outdoor Pool,2013,Outdoor
Northeast Recreation Centre Community Pool,1050 Victoria Dr,Outdoor Pool,1968,Outdoor
Northridge Community Pool,15 Mclean Dr,Outdoor Pool,1968,Outdoor
Thames Park Community Pool,25 Ridout St S,Outdoor Pool,2010,Outdoor
Canada Games Aquatic Centre Community Pool - Indoor,1045 Wonderland Rd N,Indoor Pool,1991,Indoor
Glen Cairn Arena Community Pool,370 Chippendale Cres,Outdoor Pool,1963,Outdoor
Carling Heights Optimist Community Centre Community Pool - Indoor,656 Elizabeth St,Indoor Pool,1957,Indoor
South London Community Pool - Indoor,565 Bradley Ave,Indoor Pool,1998,Indoor
Victoria Park Skateboard Park #1,580 Clarence St,Skateboard Park,2002,
West Lions Park Skateboard Park #1,20 Granville St,Skateboard Park,2003,
White Oaks Optimist Park Skateboard Park #1,560 Bradley Ave,Skateboard Park,2004,
Carling Heights Optimist Community Centre Skateboard Park #1,656 Elizabeth St,Skateboard Park,1999,
Basil Grover Skateboard Park #1,555 Wharncliffe Rd S,Skateboard Park,2009,
Naiomi Almeida Skateboard Park #1,828 Deveron Cres,Skateboard Park,2009,
Kiwanis Park - Central North Skateboard Park #1,1475 Brydges St,Skateboard Park,2010,
Stronach Park Skateboard Park #1,1221 Sanford St,Skateboard Park,2008,
Medway Park Skateboard Park #1,1051 Wonderland Rd N,Skateboard Park,2011,
Stoney Creek Community Centre Skateboard Park #1,920 Sunningdale Rd E,Skateboard Park,2011,
Springbank Park Skateboard Park #1,1205 Commissioners Rd W,Skateboard Park,2013,
Constitution Park Skateboard Park #1,725 Grenfell Dr,Skateboard Park,2013,
St. Julien Park Skateboard Park  #1,15 Tommy Hunter Way,Skateboard Park,2015,
Banting Secondary School Soccer Field #1,125 Sherwood Forest Sq,Soccer Field,,Other
Banting Secondary School Soccer Field #2,125 Sherwood Forest Sq,Soccer Field,,Other
Banting Secondary School Soccer Field #3,125 Sherwood Forest Sq,Soccer Field,,Other
Brick Street Public School Soccer Field #1,393 Commissioners Rd W,Soccer Field,,Other
Byron Southwood Public School Soccer Field #2,1379 Lola St,Soccer Field,,Other
Sir Winston Churchill Public School Soccer Field #1,1837 Churchill Ave,Soccer Field,,Other
Clara Brenton Public School Soccer Field #2,1025 St Croix Ave,Soccer Field,,Other
Clarke Road Secondary School Soccer Field #2,300 Clarke Rd,Soccer Field,,Other
A.E. Duffield Public School Soccer Field #1,6820 Duffield St,Soccer Field,,Other
Emily Carr Public School Soccer Field #1,44 Hawthorne Rd,Soccer Field,,Other
Fairmont Public School Soccer Field #1,1040 Hamilton Rd,Soccer Field,,Other
Kensal Park French Immersion Public School Soccer Field #1,328 Springbank Dr,Soccer Field,,Other
Kensal Park French Immersion Public School Soccer Field #2,328 Springbank Dr,Soccer Field,,Other
Knollwood Public School Soccer Field #1,70 Gammage St,Soccer Field,,Other
Laurier Secondary School Soccer Field #1,450 Millbank Dr,Soccer Field,,Other
Lucas Secondary School Soccer Field #2,656 Tennent Ave,Soccer Field,,Other
Lucas Secondary School Soccer Field #1,656 Tennent Ave,Soccer Field,,Other
Sir John A. MacDonald Public School Soccer Field #1,1150 Landor St,Soccer Field,,Other
M.B. McEachren Public School Soccer Field #1,4402 Colonel Talbot Rd,Soccer Field,,Other
The Green Soccer Field #1 - Mini,165 Elmwood Ave E,Soccer Field,1999,Mini
Mountsfield Public School Soccer Field #1,8 Mountsfield Dr,Soccer Field,,Other
Montcalm Secondary School Soccer Field #1,1350 Highbury Ave N,Soccer Field,,Other
Northridge Public School Soccer Field #1,25 Mclean Dr,Soccer Field,,Other
Oakridge Secondary School Soccer Field #1,1040 Oxford St W,Soccer Field,,Other
Oakridge Secondary School Soccer Field #2,1040 Oxford St W,Soccer Field,,Other
Oakridge Secondary School Soccer Field #3,1040 Oxford St W,Soccer Field,,Other
Eagle Heights Public School School Soccer Field #3,284 Oxford St W,Soccer Field,,Other
Eagle Heights Public School School Soccer Field #2,284 Oxford St W,Soccer Field,,Other
Eagle Heights Public School School Soccer Field #1,284 Oxford St W,Soccer Field,,Other
Prince Charles Public School Soccer Field #2,1601 Wavell St,Soccer Field,,Other
Prince Charles Public School Soccer Field #1,1601 Wavell St,Soccer Field,,Other
Princess Anne French Immersion Public School Soccer Field #1,191 Dawn Dr,Soccer Field,,Other
Regina Mundi Secondary School Soccer Field #1,5250 Wellington Rd S,Soccer Field,,Other
Regina Mundi Secondary School Soccer Field #2,5250 Wellington Rd S,Soccer Field,,Other
Sir George Ross Secondary School Soccer Field #1,365 Belfield St,Soccer Field,,Other
Sir Arthur Carty Separate School Soccer Field #1,1655 Ernest Ave,Soccer Field,,Other
Sir Isaac Brock Public School Soccer Field #1,80 St Lawrence Blvd,Soccer Field,,Other
St. Marguerite d'Youville Separate School Soccer Field #1,170 Hawthorne Rd,Soccer Field,,Other
St. Thomas Aquinas Secondary School Soccer Field #1,1360 Oxford St W,Soccer Field,,Other
Stoneybrook Public School Soccer Field #1,1460 Stoneybrook Cres,Soccer Field,,Other
Thames Secondary School Soccer Field #1,785 Trafalgar St,Soccer Field,,Other
University Heights Public School Soccer Field #1,27 Ford Cres,Soccer Field,,Other
Westdale Park Soccer Field #2 - Mini,1070 Quinton Rd,Soccer Field,1999,Mini
Westdale Park Soccer Field #1 - Mini,1070 Quinton Rd,Soccer Field,1999,Mini
Westminster Secondary School Soccer Field #3,230 Base Line Rd W,Soccer Field,,Other
Westminster Secondary School Soccer Field #1,230 Base Line Rd W,Soccer Field,,Other
Saunders Secondary School Soccer Field #1,941 Viscount Rd,Soccer Field,,Other
G.A. Wheable Secondary School Soccer Field #2,70 Jacqueline St,Soccer Field,,Other
G.A. Wheable Secondary School Soccer Field #1,70 Jacqueline St,Soccer Field,,Other
Woodland Heights Public School Soccer Field #1,474 Springbank Dr,Soccer Field,,Other
Arthur Ford Public School Soccer Field #1,617 Viscount Rd,Soccer Field,,Other
Arthur Stringer Public School Soccer Field #1,43 Shaftesbury Ave,Soccer Field,,Other
Beal Secondary School Soccer Field #1,475 King St,Soccer Field,,Other
Bishop Townshend Public School Soccer Field #1,814 Quebec St,Soccer Field,,Other
Blessed Kateri Separate School Soccer Field #1,220 Sunnyside Dr,Soccer Field,,Other
Bonaventure Meadows Public School Soccer Field #1,141 Bonaventure Dr,Soccer Field,,Other
Byron Northview Public School Soccer Field #1,1370 Commissioners Rd W,Soccer Field,,Other
Byron Southwood Public School Soccer Field #1,1379 Lola St,Soccer Field,,Other
C.C. Carrothers Public School Soccer Field #1,360 Chippendale Cres,Soccer Field,,Other
Catholic Central Secondary School Soccer Field #1,439 Queens Ave,Soccer Field,,Other
Chippewa Public School Soccer Field #1,1035 Chippewa Dr,Soccer Field,,Other
Clara Brenton Public School Soccer Field #3,1025 St Croix Ave,Soccer Field,,Other
Clara Brenton Public School Soccer Field #1,1025 St Croix Ave,Soccer Field,,Other
Clarke Road Secondary School Soccer Field #1,300 Clarke Rd,Soccer Field,,Other
Ecole Marie-Curie Soccer Field #1,40 Hunt Club Dr,Soccer Field,,Other
Evelyn Harrison Public School Soccer Field #1,50 Tewksbury Cres,Soccer Field,,Other
F.D. Roosevelt Public School Soccer Field #1,560 Second St,Soccer Field,,Other
Fanshawe College Soccer Field #1,1460 Oxford St E,Soccer Field,,Other
Fanshawe College Soccer Field #3,1460 Oxford St E,Soccer Field,,Other
Fanshawe College Soccer Field #4,1460 Oxford St E,Soccer Field,,Other
Fanshawe College Soccer Field #2,1460 Oxford St E,Soccer Field,,Other
Glen Cairn Public School Soccer Field #1,53 Frontenac Rd,Soccer Field,,Other
Hillcrest Public School Soccer Field #1,1231 Fuller St,Soccer Field,,Other
Holy Cross Separate School Soccer Field #1,18 Elm St,Soccer Field,,Other
Holy Rosary Separate School Soccer Field #1,268 Herkimer St,Soccer Field,,Other
John Dearness Public School Soccer Field #1,555 Sanatorium Rd,Soccer Field,,Other
John P. Robarts Public School Soccer Field #2,84 Bow St,Soccer Field,,Other
John P. Robarts Public School Soccer Field #1,84 Bow St,Soccer Field,,Other
John Paul II Secondary School Soccer Field #1,1300 Oxford St E,Soccer Field,,Other
Lord Elgin Public School Soccer Field #1,1100 Victoria Dr,Soccer Field,,Other
Lord Nelson Public School Soccer Field #1,1990 Royal Cres,Soccer Field,,Other
Masonville Public School Soccer Field #1,25 Hillview Blvd,Soccer Field,,Other
Montcalm Secondary School Soccer Field #2,1350 Highbury Ave N,Soccer Field,,Other
Nicholas Wilson Public School Soccer Field #2,927 Osgoode Dr,Soccer Field,,Other
Nicholas Wilson Public School Soccer Field #3,927 Osgoode Dr,Soccer Field,,Other
Nicholas Wilson Public School Soccer Field #1,927 Osgoode Dr,Soccer Field,,Other
Oakridge Secondary School Soccer Field #4,1040 Oxford St W,Soccer Field,,Other
Princess Elizabeth Public School Soccer Field #1,247 Thompson Rd,Soccer Field,,Other
Rick Hansen Public School Soccer Field #1,70 Ponderosa Cres,Soccer Field,,Other
Riverside Public School Soccer Field #1,550 Pinetree Dr,Soccer Field,,Other
Robarts School for the Deaf Soccer Field #1,1090 Highbury Ave N,Soccer Field,,Other
Ryerson Public School Soccer Field #1,940 Waterloo St,Soccer Field,,Other
Sir Georges Etienne Cartier Public School Soccer Field #2,695 Chiddington Ave,Soccer Field,,Other
Sir Georges Etienne Cartier Public School Soccer Field #1,695 Chiddington Ave,Soccer Field,,Other
South Secondary School Soccer Field #1,371 Tecumseh Ave e,Soccer Field,,Other
St. Anne Separate School Soccer Field #1,1366 Huron St,Soccer Field,,Other
St. Anthony Separate School Soccer Field #1,1380 Ernest Ave,Soccer Field,,Other
St. Bernadette Separate School Soccer Field #1,155 Tweedsmuir Ave,Soccer Field,,Other
St. Francis Separate School Soccer Field #1,690 Osgoode Dr,Soccer Field,,Other
St. Jude Separate School Soccer Field #1,690 Viscount Rd,Soccer Field,,Other
St. Mark Separate School Soccer Field #1,1440 Glenora Dr,Soccer Field,,Other
St. Mark Separate School Soccer Field #2,1440 Glenora Dr,Soccer Field,,Other
St. Michael Separate School Soccer Field #1,926 Maitland St,Soccer Field,,Other
St. Paul Separate School Soccer Field #2,1090 Guildwood Blvd,Soccer Field,,Other
St. Paul Separate School Soccer Field #1,1090 Guildwood Blvd,Soccer Field,,Other
St. Pius X Separate School Soccer Field #1,255 Vancouver St,Soccer Field,,Other
St. Robert Separate School Soccer Field #1,1958 Duluth Cres,Soccer Field,,Other
St. Sebastian Separate School Soccer Field #1,225 Cairn St,Soccer Field,,Other
St. Thomas More Separate School Soccer Field #1,18 Wychwood Pk,Soccer Field,,Other
Tweedsmuir Public School Soccer Field #1,349 Tweedsmuir Ave,Soccer Field,,Other
University of Western Ontario Soccer Field #1,Huron Dr (pvt),Soccer Field,,Other
W.D. Sutton Public School Soccer Field #1,1250 Dundas St,Soccer Field,,Other
Westminster Central Public School Soccer Field #1,2835 Westminster Dr,Soccer Field,,Other
Westminster Secondary School Soccer Field #2,230 Base Line Rd W,Soccer Field,,Other
Westmount Public School Soccer Field #1,1011 Viscount Rd,Soccer Field,,Other
Springbank Park Soccer Field #4 - Mini,1085 Commissioners Rd W,Soccer Field,2001,Mini
Springbank Park Soccer Field #1 - Mini,1085 Commissioners Rd W,Soccer Field,1996,Mini
Springbank Park Soccer Field #2 - Mini,1085 Commissioners Rd W,Soccer Field,1996,Mini
Springbank Park Soccer Field #3 - Mini,1085 Commissioners Rd W,Soccer Field,1996,Mini
West Lions Park Soccer Field #1 - Full,20 Grandville St,Soccer Field,2003,Full
Silverwoods Park Soccer Field #1 - Full,50 Sycamore St,Soccer Field,1996,Full
Carling Park Soccer Field #1 - Mini,675 Grosvenor St,Soccer Field,1996,Mini
Carling Park Soccer Field #3 - Mini,675 Grosvenor St,Soccer Field,1996,Mini
Carling Park Soccer Field #2 - Mini,675 Grosvenor St,Soccer Field,1996,Mini
East Lions Park Soccer Field #1 - Full,1731 Churchill Ave,Soccer Field,2003,Full
Jorgenson Park Soccer Field #1 - Mini,1308 Norman Ave,Soccer Field,2000,Mini
University Heights Park Soccer Field #1 - Mini,290 Trott Dr,Soccer Field,2005,Mini
Oak Park Soccer Field #1 - Full,1207 Royal York Rd,Soccer Field,2003,Full
St. Stephen's Park Soccer Field #1 - Mini,1030 Mitchel St,Soccer Field,2003,Mini
Kensal Park Soccer Field #1 - Mini,150 Chelsea Ave,Soccer Field,2011,Mini
Kensal Park Soccer Field #2 - Mini,150 Chelsea Ave,Soccer Field,2011,Mini
Chelsea Green Park Soccer Field #1 - Full,1 Adelaide St S,Soccer Field,1996,Full
Greenway Park Soccer Field #5 - Full,50 Greenside Ave,Soccer Field,1996,Full
Greenway Park Soccer Field #1 - Mini,50 Greenside Ave,Soccer Field,1996,Mini
Greenway Park Soccer Field #4 - Mini,50 Greenside Ave,Soccer Field,2009,Mini
Greenway Park Soccer Field #3 - Full,50 Greenside Ave,Soccer Field,2001,Full
Greenway Park Soccer Field #2 - Full,50 Greenside Ave,Soccer Field,1996,Full
St. Lawrence Park Soccer Field #1 - Mini,5 St. Lawrence Blvd,Soccer Field,1996,Mini
Westminster Optimist Park Soccer Field #1 - Mini,650 Osgoode Dr,Soccer Field,1996,Mini
Westmount Lions Park Soccer Field #1 - Full,784 Viscount Rd,Soccer Field,1996,Full
Grand View Park Soccer Field #1 - Mini, 385 Grandview Ave,Soccer Field,1996,Mini
Ted Early Sports Complex Soccer Field #3 - Full,1375 Clarke Rd,Soccer Field,2002,Full
Ted Early Sports Complex Soccer Field #2 - Full,1375 Clarke Rd,Soccer Field,2002,Full
Ted Early Sports Complex Soccer Field #1 - Full,1375 Clarke Rd,Soccer Field,2002,Full
Cleardale Park Soccer Field #2 - Full,817 Nixon Ave,Soccer Field,2013,Full
Constitution Park Soccer Field #1 - Full,725 Grenfell Dr,Soccer Field,2007,Full
Stoneybrook Recreation Field Soccer Field #1 - Full,815 Windermere Rd,Soccer Field,1996,Full
White Oaks Park Soccer Field #1 - Full,1119 Jalna Blvd,Soccer Field,2001,Full
White Oaks Park Soccer Field #3 - Mini,1394 Ernest Ave,Soccer Field,2003,Mini
White Oaks Park Soccer Field #2 - Mini,1394 Ernest Ave,Soccer Field,2003,Mini
Gainsborough Meadows Soccer Field #1 - Full,102 Brandy Lane Rd,Soccer Field,2006,Full
Hazelden Park Soccer Field #1 - Full,430 Hyde Park Rd,Soccer Field,2003,Full
Ed Blake Park Soccer Field #1 - Full,449 Barker St,Soccer Field,2013,Full
White Oaks Optimist Park Soccer Field #1 - Full,560 Bradley Ave,Soccer Field,1996,Full
Chesham Heights Park Soccer Field #1 - Mini,328 Castlegrove Blvd,Soccer Field,1996,Mini
Belmont Park Soccer Field #1 - Mini,741 Lenore St,Soccer Field,1999,Mini
Earl Nichols Park And Arena Soccer Field #1 - Mini,799 Homeview Rd,Soccer Field,1996,Mini
North London Athletic Fields Soccer Field #2 - Mini,1225 Adelaide St N,Soccer Field,2002,Mini
North London Athletic Fields Soccer Field #4 - Full,1225 Adelaide St N,Soccer Field,2003,Full
North London Athletic Fields Soccer Field #3 - Full,1225 Adelaide St N,Soccer Field,2003,Full
North London Athletic Fields Soccer Field #1 - Full,1225 Adelaide St N,Soccer Field,2002,Full
Naiomi Almeida Park Soccer Field #1 - Mini,828 Deveron Cres,Soccer Field,2003,Mini
Jesse Davidson Park Soccer Field #1 - Full,731 Viscount Rd,Soccer Field,2001,Full
Jesse Davidson Park Soccer Field #2 - Full,731 Viscount Rd,Soccer Field,2003,Full
Southwest Optimist Park Soccer Field #1 - Full,682 Southdale Rd W,Soccer Field,1993,Full
Southwest Optimist Park Soccer Field #2 - Full,682 Southdale Rd W,Soccer Field,1993,Full
Whisperwood Park Soccer Field  #1 - Mini,211 Whisperwood Ave,Soccer Field,1999,Mini
Cresthaven Park Soccer Field #1 - Full,104 Parks Edge Cres,Soccer Field,2005,Full
Cheswick Park Soccer Field #1 - Mini,88 Lacey Cres,Soccer Field,1996,Mini
Windermere Fields Soccer Field #2 - Full,745 Windermere Rd,Soccer Field,1996,Full
Windermere Fields Soccer Field #3 - Full,745 Windermere Rd,Soccer Field,1996,Full
Windermere Fields Soccer Field #1 - Full,745 Windermere Rd,Soccer Field,1996,Full
Jaycee Park Soccer Field #1 - Mini,1830 Aldersbrook Rd,Soccer Field,1996,Mini
Ralph Hamlyn Park Soccer Field #1 - Mini,83 Dennis Ave,Soccer Field,1996,Mini
Nicholas Wilson Park Soccer Field #1 - Mini,16 Fitzroy Pl,Soccer Field,2012,Mini
Heritage Park Soccer Field #1 - Mini,150 Bexhill Dr,Soccer Field,1996,Mini
Springbank Flats Soccer Field #1 - Full,67 Springbank Dr,Soccer Field,2003,Full
St. Julien Park Soccer Field #1 - Full,15 Tommy Hunter Way,Soccer Field,1996,Full
Reservoir Park Soccer Field #1 - Mini,869 Commissioners Rd W,Soccer Field,1996,Mini
Reservoir Park Soccer Field #2 - Mini,869 Commissioners Rd W,Soccer Field,1996,Mini
Lambeth Centennial Park Soccer Field #3 - Mini,7112 Beattie St,Soccer Field,1996,Mini
Lambeth Centennial Park Soccer Field #5 - Mini,7112 Beattie St,Soccer Field,1996,Mini
Lambeth Centennial Park Soccer Field #1 - Full,7112 Beattie St,Soccer Field,1996,Full
Virginia Park Soccer Field #1 - Mini,225 Chambers Ave,Soccer Field,2007,Mini
City Wide Sports Park Soccer Field #1 - Full,1510 Commissioners Rd E,Soccer Field,2011,Full
City Wide Sports Park Soccer Field #2 - Full,1510 Commissioners Rd E,Soccer Field,2011,Full
St. Julien Park Soccer Field #2 - Mini,15 Tommy Hunter Way,Soccer Field,2006,Mini
St. Julien Park Soccer Field #3 - Mini,15 Tommy Hunter Way,Soccer Field,2006,Mini
St. Julien Park Soccer Field #4 - Mini,15 Tommy Hunter Way,Soccer Field,2006,Mini
St. Julien Park Soccer Field #5 - Mini,15 Tommy Hunter Way,Soccer Field,2006,Mini
University of Western Ontario Soccer Field #2,Huron Dr (pvt),Soccer Field,,Other
University of Western Ontario Soccer Field #3,Huron Dr (pvt),Soccer Field,,Other
Cantebury Park Soccer Field #1 - Full,99 Prince Of Wales Gate,Soccer Field,2006,Full
Plane Tree Park Soccer Field #1 - Mini,214 Plane Tree Dr,Soccer Field,2005,Mini
Plane Tree Park Soccer Field #2 - Mini,214 Plane Tree Dr,Soccer Field,2005,Mini
Northwest Optimist Park Soccer Field #1 - Mini,48 Hawthorne Rd,Soccer Field,2005,Mini
W. Sherwood Fox Public School Soccer Field #1,660 Steeplechase Dr,Soccer Field,,Other
Stephens Farm Park Soccer Field #1 - Mini,887 South Wenige Dr,Soccer Field,2010,Mini
Paul Haggis Park Soccer Field #1 - Mini,2875 Bateman Trail,Soccer Field,2015,Mini
Meadowgate Fields Soccer Field #1 - Full,3155 Meadowgate Blvd,Soccer Field,2010,Full
Meadowgate Fields Soccer Field #2 - Full,3155 Meadowgate Blvd,Soccer Field,2010,Full
Murray Park Soccer Field #1 - Mini,75 Cliftonvale Ave,Soccer Field,2012,Mini
Murray Park Soccer Field #2 - Mini,75 Cliftonvale Ave,Soccer Field,2012,Mini
Riverbend Park Soccer Field #1 - Full,1585 Riverbend Rd,Soccer Field,2009,Full
Riverbend Park Soccer Field #2 - Full,1585 Riverbend Rd,Soccer Field,2009,Full
Lambeth Optimist Park Soccer Field #1 - Full,4200 Campbell St N,Soccer Field,2011,Full
Cleardale Park Soccer Field #1 - Mini,817 Nixon Ave,Soccer Field,2013,Mini
Hastings Park Soccer Field #1 - Micro,1428 Hastings Dr,Soccer Field,1996,Micro
Hastings Park Soccer Field #2 - Micro,1428 Hastings Dr,Soccer Field,1996,Micro
Mitches Park Soccer Field #1 - Mid,640 Upper Queens St,Soccer Field,2006,Mid
North London Athletic Fields Soccer Field Stadium,1225 Adelaide St N,Soccer Field,2003,Full
North London Athletic Fields Soccer Field #5A - Mid,1225 Adelaide St N,Soccer Field,2005,Mid
North London Athletic Fields Soccer Field #5B - Mid,1225 Adelaide St N,Soccer Field,2005,Mid
Settlement Trail Soccer Field #1 - Full,3470 Settlement Trail,Soccer Field,2012,Full
Hastings Park Soccer Field #3 - Micro,1428 Hastings Dr,Soccer Field,1996,Micro
Hastings Park Soccer Field #3 - Micro,1428 Hastings Dr,Soccer Field,1996,Micro
Plane Tree Park Soccer Field #3 - Mid,214 Plane Tree Dr,Soccer Field,2016,Mid
Virginia Park Soccer Field #2 - Mini,225 Chambers Ave,Soccer Field,2007,Mini
North London Athletic Fields Soccer Field #6 - Mini,1225 Adelaide St N,Soccer Field,2003,Mini
Springbank Park Swing Set #1,1085 Commissioners Rd W,Swing Set,1996,
Springbank Park Swing Set #2,1085 Commissioners Rd W,Swing Set,1996,
Gibbons Park Swing Set #1,2A Grosvenor St,Swing Set,2004,
West Lions Park Swing Set #1,20 Granville St,Swing Set,1996,
West Lions Park Swing Set #2,20 Granville St,Swing Set,1996,
McMahen Park Swing Set #1,640 Adelaide St N,Swing Set,2003,
Kiwanis Park - North Swing Set #3,612 Hale St,Swing Set,2001,
Kiwanis Park - North Swing Set #1,612 Hale St,Swing Set,1996,
Kiwanis Park - North Swing Set #2,612 Hale St,Swing Set,1996,
Kiwanis Park - North Swing Set #4,612 Hale St,Swing Set,2003,
Rowntree Park Swing Set #1,750 Whetter Ave,Swing Set,1999,
Rowntree Park Swing Set #2,750 Whetter Ave,Swing Set,1999,
Smith Park Swing Set #1,194 Brampton Rd,Swing Set,2001,
Oakridge Optimist Community Park Swing Set #1,825 Valetta St,Swing Set,2010,
Meredith Park Swing Set #1,450 Nelson St,Swing Set,2000,
Basil Grover Park Swing Set #1,555 Wharncliffe Rd S,Swing Set,2006,
Doidge Park Swing Set #1,300 Cromwell St,Swing Set,2011,
Murray Park Swing Set #1,75 Cliftonvale Ave,Swing Set,2011,
Jorgenson Park Swing Set #1,1308 Norman Ave,Swing Set,1996,
Colville Park Swing Set #1,360 Colville Blvd,Swing Set,2004,
Duchess Avenue Park Swing Set #1,26 Duchess Ave,Swing Set,2000,
University Heights Park Swing Set #1,290 Trott Dr,Swing Set,1996,
Stronach Park Swing Set #1,1221 Sanford St,Swing Set,2006,
Winblest Park Swing Set #1,640 Winblest Ave,Swing Set,2008,
Arthur Ford Park Swing Set #1,671 Viscount Rd,Swing Set,2001,
Southeast Optimist Park Swing Set #1,237 Deveron Cres,Swing Set,2003,
Wilton Grove Park Swing Set #1,41 Greenfield Dr,Swing Set,2006,
Ebury Park Swing Set #1,112 Ebury Cres,Swing Set,2002,
Berkshire Park Swing Set #1,510 Berkshire Dr,Swing Set,2004,
Oak Park Swing Set #1,1207 Royal York Rd,Swing Set,2002,
Village Green Park Swing Set #1,429 Village Green Ave,Swing Set,2001,
Thornwood Park Swing Set #1,699 Thornwood Dr,Swing Set,2003,
Kensal Park Swing Set #1,150 Chelsea Ave,Swing Set,2011,
Genevive Park Swing Set #1,70 Genevive Cres,Swing Set,1999,
Belvedere Park Swing Set #1,65 Victor St,Swing Set,2002,
Greenway Park Swing Set #1,50 Greenside Ave,Swing Set,1999,
Peppertree Park Swing Set #1,427A Castlegrove Blvd,Swing Set,2001,
Broughdale Park Swing Set #1,246 Epworth Ave,Swing Set,2000,
St. Lawrence Park Swing Set #1,5 St. Lawrence Blvd,Swing Set,2000,
Westminster Optimist Park Swing Set #1,650 Osgoode Dr,Swing Set,2013,
Mitches Park Swing Set #1,640 Upper Queen St,Swing Set,2003,
Constitution Park Swing Set #1,725 Grenfell Dr,Swing Set,1996,
Huron Heights Park Swing Set #1,185 McNay St,Swing Set,2000,
CNRA Park Swing Set #1,325 Egerton St,Swing Set,2007,
White Oaks Park Swing Set #1,1119 Jalna Blvd,Swing Set,2004,
White Oaks Park Swing Set #3,1119 Jalna Blvd,Swing Set,2004,
White Oaks Park Swing Set #4,1119 Jalna Blvd,Swing Set,2003,
White Oaks Park Swing Set #2,1119 Jalna Blvd,Swing Set,2004,
Culver Park Swing Set #1,1735 Culver Dr,Swing Set,1996,
Somerset Woods Swing Set #1,25 Fourwinds Rd,Swing Set,2001,
Gainsborough Meadows Swing Set #1,102 Brandy Lane Rd,Swing Set,2013,
Hazelden Park Swing Set #1,430 Hyde Park Rd,Swing Set,2003,
Flanders Park Swing Set #1,145 Rhine Ave,Swing Set,2003,
Ed Blake Park Swing Set #1,449 Barker St,Swing Set,2010,
Boyle Community Centre / Park Swing Set #2,530 Charlotte St,Swing Set,2005,
Boyle Community Centre / Park Swing Set #1,530 Charlotte St,Swing Set,1996,
Ashley Oaks Park Swing Set #1,65 Elvira Cres,Swing Set,2010,
White Oaks optimist Park Swing Set #1,560 Bradley Ave,Swing Set,2009,
Chesham Heights Park Swing Set #1,328 Castlegrove Blvd,Swing Set,2001,
Lynngate Grove Park Swing Set #1,69 Lynngate Grove,Swing Set,2000,
Piccadilly Park Swing Set #1,695 Waterloo St,Swing Set,2003,
Dunkirk Place Park Swing Set #1,15 Dunkirk Pl,Swing Set,2002,
Naiomi Almeida Park Swing Set #1,828 Deveron Cres,Swing Set,2002,
Jesse Davidson Park Swing Set #1,731 Viscount Rd,Swing Set,2003,
Jesse Davidson Park Swing Set #2,731 Viscount Rd,Swing Set,2003,
Huronview Park Swing Set #1,1345 Bentley Dr,Swing Set,1996,
Southwinds Park Swing Set #1,3982 West Graham Pl,Swing Set,2003,
Cresthaven Park Swing Set #1,104 Parks Edge Cres,Swing Set,2001,
Glanworth Park Swing Set #1,6536 Bradish Rd,Swing Set,1996,
Cheswick Park Swing Set #1,88 Lacey Cres,Swing Set,2001,
Norwest Optimist Park Swing Set #2,48 Hawthorne Rd,Swing Set,2014,
Norwest Optimist Park Swing Set #3,48 Hawthorne Rd,Swing Set,2014,
Norwest Optimist Park Swing Set #1,48 Hawthorne Rd,Swing Set,2009,
Jaycee Park Swing Set #1,1830 Aldersbrook Rd,Swing Set,2000,
Jaycee Park Swing Set #2,1830 Aldersbrook Rd,Swing Set,2008,
Empress Avenue Park Swing Set #1,161 Empress Ave,Swing Set,1996,
Past Presidents Park Swing Set #1,280 Millbank Dr,Swing Set,2001,
River Forks Park Swing Set #1,17 Becher St,Swing Set,2003,
Nelson Park Swing Set #1,142 Kipling Ave,Swing Set,2005,
Ralph Hamlyn Park Swing Set #1,83 Dennis Ave,Swing Set,2007,
Ambleside Park Swing Set #1,257 Ambleside Dr,Swing Set,1996,
Cayuga Park Swing Set #1,64 Cayuga Cres,Swing Set,1996,
Nicholas Wilson Park Swing Set #1,16 Fitzroy Pl,Swing Set,2001,
Heritage Park Swing Set #1,150 Bexhill Dr,Swing Set,2007,
Thames Park Swing Set #1,15 Ridout St S,Swing Set,2003,
St. Julien Park Swing Set #1,15 Tommy Hunter Way,Swing Set,1999,
Ivey Park Swing Set #1,331 Thames St,Swing Set,2003,
Lambeth Centennial Park Swing Set #1,7112 Beattie St,Swing Set,2008,
Helen Mott Shaw Park Swing Set #1,71 Grasmere Cres,Swing Set,2003,
Carling Heights Optimist Community Centre Swing Set #1,656 Elizabeth St,Swing Set,1999,
Vauxhall Park Swing Set #1,54 Price St,Swing Set,2003,
Virginia Park Swing Set #1,225 Chambers Ave,Swing Set,2012,
Summercrest Park Swing Set #1,30 Alomar Dr,Swing Set,2002,
Meander Creek Park Swing Set #1,905 Blackmaple Crt,Swing Set,2005,
Cavendish Park Swing Set #1,136 Cavendish Cres,Swing Set,2005,
Thamesridge Park Swing Set #1,1605 Shore Rd,Swing Set,2003,
Cheltenham Park Swing Set #1,43 Cheltenham Rd,Swing Set,2006,
Cantebury Park Swing Set #1,99 Prince Of Wales Gate,Swing Set,2004,
Dalkeith Park Swing Set #1,806 Dalkeith Ave,Swing Set,2005,
Plane Tree Park Swing Set #1,214 Plane Tree Dr,Swing Set,2007,
Carroll Park Swing Set #1,270 Ellerslie Rd,Swing Set,2008,
Northbrook Park Swing Set #1,2135 Blackwater Rd,Swing Set,2007,
Scenic View Park Swing Set #1,80 Chalet Cres,Swing Set,2009,
Greenway Park Swing Set #2,50 Greenside Ave,Swing Set,2009,
Heron Haven Park Swing Set #1,204 Skyline Ave,Swing Set,2009,
Wenige Park Swing Set #1,1251 South Wenige Dr,Swing Set,2006,
Capulet Park Swing Set #1,40 Capulet Lane,Swing Set,2010,
Stephens Farm Park Swing Set #1,887 South Wenige Dr,Swing Set,2010,
Bonaventure Meadows Park Swing Set #1,150 Vaubois Pl,Swing Set,2010,
Paul Haggis Swing Set #1,2875 Bateman Trail,Swing Set,2011,
Byron Hills Park Swing set #1,955 Byronmanor Rd,Swing Set,2011,
Beaverbrook Woods Swing Set #1,780 Mapleridge St,Swing Set,2011,
Medway Park Swing Set #1,1051 Wonderland Rd N,Swing Set,2011,
Huntington Park Swing Set #1,63 Meadowridge Rd,Swing Set,2011,
Riverbend Park Swing Set #1,1585 Riverbend Rd,Swing Set,2011,
Coronation Park North Swing Set #1,1965 Coronation Dr,Swing Set,2011,
Cedar Hollow Park Swing Set #1,564 Killarney Rd,Swing Set,2012,
Forest Hill Park Swing Set #2,1955 Rollingacres Dr,Swing Set,2012,
Talbot Park Swing Set #1,3470 Settlement Trail,Swing Set,2012,
Maple Grove Park Swing Set #1,1260 Coronation Dr,Swing Set,2012,
Earl Nichols Park and Arena Swing Set #1,799 Homeview Rd,Swing Set,2012,
Lambeth Optimist Park Swing Set #1,4200 Campbell St N,Swing Set,2013,
Meadowgate Park Swing Set #1,3155 Meadowgate Blvd,Swing Set,2011,
Creekside Park Swing Set #1,1480 Privet Pl,Swing Set,2012,
Whetherfield Park Swing Set #1,1115 Whetherfield St,Swing Set,2012,
Pebble Creek Park Swing Set #1,125 Pebblecreek Walk,Swing Set,2013,
Westbury Park Swing Set #1,3350 Singleton Ave,Swing Set,2013,
Whisperwood Park Swing Set #1,211 Whisperwood Ave,Swing Set,2013,
Carriage Hill Park Swing Set #1,139 Pinebrook Pl,Swing Set,2013,
Trooper Mark Wilson Park Swing Set #1,2070 Wallingford Ave,Swing Set,2013,
Frederick Park Swing Set #1,1940 Frederick Cres,Swing Set,2013,
Foxfield District Park Swing Set #1,2384 Buroak Dr,Swing Set,2013,
Westminster Optimist Park Swing Set #3,650 Osgoode Dr,Swing Set,2013,
Blackacres Park Swing Set #1,595 Blackacres Blvd,Swing Set,2014,
Oakland Avenue Park Swing Set #1,235 Oakland Ave,Swing Set,2014,
Powell Park Swing Set #1,800 Superior Dr,Swing Set,2015,
Glen Cairn Park - East Swing Set #1,170 Helena Ave,Swing Set,2015,
Springbank Park Swing Set #3,1085 Commissioners Rd W,Swing Set,2000,
Springbank Park Swing Set #4,1085 Commissioners Rd W,Swing Set,2000,
Lucas Secondary School Tennis Court #2,656 Tennent Ave,Tennis Court,,
Banting Secondary School Tennis Court #2,125 Sherwood Forest Sq,Tennis Court,,
Central Secondary School Tennis Court #2,509 Waterloo St,Tennis Court,,
Clarke Road Secondary School Tennis Court #2,300 Clarke Rd,Tennis Court,,
Montcalm Secondary School Tennis Court #2,1350 Highbury Ave N,Tennis Court,,
Oakridge Secondary School Tennis Court #2,1040 Oxford St W,Tennis Court,,
Saunders Secondary School Tennis Court #3,941 Viscount Rd,Tennis Court,,
Laurier Secondary School Tennis Court #2,450 Millbank Dr,Tennis Court,,
Westminster Secondary School Tennis Court #2,230 Base Line Rd W,Tennis Court,,
Saunders Secondary School Tennis Court #1,941 Viscount Rd,Tennis Court,,
Saunders Secondary School Tennis Court #2,941 Viscount Rd,Tennis Court,,
Saunders Secondary School Tennis Court #4,941 Viscount Rd,Tennis Court,,
Westminster Secondary School Tennis Court #1,230 Base Line Rd W,Tennis Court,,
Westminster Secondary School Tennis Court #3,230 Base Line Rd W,Tennis Court,,
Westminster Secondary School Tennis Court #4,230 Base Line Rd W,Tennis Court,,
Oakridge Secondary School Tennis Court #3,1040 Oxford St W,Tennis Court,,
Oakridge Secondary School Tennis Court #1,1040 Oxford St W,Tennis Court,,
Banting Secondary School Tennis Court #3,125 Sherwood Forest Sq,Tennis Court,,
Banting Secondary School Tennis Court #1,125 Sherwood Forest Sq,Tennis Court,,
Lucas Secondary School Tennis Court #1,656 Tennent Ave,Tennis Court,,
Lucas Secondary School Tennis Court #3,656 Tennent Ave,Tennis Court,,
Lucas Secondary School Tennis Court #4,656 Tennent Ave,Tennis Court,,
Montcalm Secondary School Tennis Court #1,1350 Highbury Ave N,Tennis Court,,
Montcalm Secondary School Tennis Court #3,1350 Highbury Ave N,Tennis Court,,
Central Secondary School Tennis Court #1,509 Waterloo St,Tennis Court,,
Central Secondary School Tennis Court #3,509 Waterloo St,Tennis Court,,
Clarke Road Secondary School Tennis Court #1,300 Clarke Rd,Tennis Court,,
Clarke Road Secondary School Tennis Court #3,300 Clarke Rd,Tennis Court,,
Laurier Secondary School Tennis Court #1,450 Millbank Dr,Tennis Court,,
Laurier Secondary School Tennis Court #3,450 Millbank Dr,Tennis Court,,
Academie de la Tamise Tennis Court #1,1260 Dundas St,Tennis Court,,
Huron College Tennis Court #1,1349 Western Rd,Tennis Court,,
Kings College Tennis Court #3,1040 Waterloo St,Tennis Court,,
Kings College Tennis Court #4,1040 Waterloo St,Tennis Court,,
Kings College Tennis Court #2,1040 Waterloo St,Tennis Court,,
Kings College Tennis Court #1,1040 Waterloo St,Tennis Court,,
University of Western Ontario Tennis Court #7,Lambton Dr (pvt),Tennis Court,,
University of Western Ontario Tennis Court #8,Lambton Dr (pvt),Tennis Court,,
University of Western Ontario Tennis Court #9,Lambton Dr (pvt),Tennis Court,,
University of Western Ontario Tennis Court #4,Lambton Dr (pvt),Tennis Court,,
University of Western Ontario Tennis Court #5,Lambton Dr (pvt),Tennis Court,,
University of Western Ontario Tennis Court #6,Lambton Dr (pvt),Tennis Court,,
University of Western Ontario Tennis Court #1,Lambton Dr (pvt),Tennis Court,,
University of Western Ontario Tennis Court #3,Lambton Dr (pvt),Tennis Court,,
University of Western Ontario Tennis Court #2,Lambton Dr (pvt),Tennis Court,,
W.D. Sutton Public School Tennis Court #2,1250 Dundas St,Tennis Court,,
W.D. Sutton Public School Tennis Court #1,1250 Dundas St,Tennis Court,,
Gibbons Park Tennis Court #2,2A Grosvenor St,Tennis Court,1996,
Gibbons Park Tennis Court #3,2A Grosvenor St,Tennis Court,1996,
Gibbons Park Tennis Court #1,2A Grosvenor St,Tennis Court,1996,
Carling Park Tennis Court #3,675 Grosvenor St,Tennis Court,2017,
Carling Park Tennis Court #2,675 Grosvenor St,Tennis Court,2017,
Carling Park Tennis Court #1,675 Grosvenor St,Tennis Court,2017,
Kiwanis Park - North Tennis Court #2,612 Hale St,Tennis Court,1996,
Kiwanis Park - North Tennis Court #1,612 Hale St,Tennis Court,1996,
Rowntree Park Tennis Court #1, 750 Whetter Ave,Tennis Court,1996,
Oakridge Optimist Community Park Tennis Court #2,825 Valetta St,Tennis Court,1996,
Oakridge Optimist Community Park Tennis Court #1,825 Valetta St,Tennis Court,1996,
Meredith Park Tennis Court #1,450 Nelson St,Tennis Court,2011,
Doidge Park Tennis Court #1,300 Cromwell St,Tennis Court,1996,
Murray Park Tennis Court #1,75 Cliftonvale Ave,Tennis Court,1998,
Mornington Park Tennis Court #1,800 High Holborn St,Tennis Court,2014,
Mornington Park Tennis Court #2,800 High Holborn St,Tennis Court,2014,
Jorgenson Park Tennis Court #1,1308 Norman Ave,Tennis Court,1996,
Jorgenson Park Tennis Court #2,1308 Norman Ave,Tennis Court,1996,
Fairmont Park Tennis Court #2,117 Tweedsmuir Ave,Tennis Court,1996,
Fairmont Park Tennis Court #3,117 Tweedsmuir Ave,Tennis Court,1996,
Fairmont Park Tennis Court #1,117 Tweedsmuir Ave,Tennis Court,1996,
A. L. Furanna Park Tennis Court #1,100 Wychwood Pk,Tennis Court,1996,
A. L. Furanna Park Tennis Court #2,100 Wychwood Pk,Tennis Court,1996,
Arthur Ford Park Tennis Court #2,671 Viscount Rd,Tennis Court,1999,
Arthur Ford Park Tennis Court #1,671 Viscount Rd,Tennis Court,1999,
St. Anthony's Park Tennis Court #1,65 Hartson Rd,Tennis Court,1996,
Westminster Optimist Park Tennis Court #1,650 Osgoode Dr,Tennis Court,2013,
Hastings Park Tennis Court #2,1428 Hastings Dr,Tennis Court,1996,
Hastings Park Tennis Court #1,1428 Hastings Dr,Tennis Court,1996,
Hastings Park Tennis Court #3,1428 Hastings Dr,Tennis Court,1996,
Mitches Park Tennis Court #2,640 Upper Queen St,Tennis Court,1996,
Mitches Park Tennis Court #1,640 Upper Queen St,Tennis Court,1996,
Mitches Park Tennis Court #3,640 Upper Queen St,Tennis Court,1996,
White Oaks Park Tennis Court #1,1394 Ernest Ave,Tennis Court,2003,
White Oaks Park Tennis Court #2,1394 Ernest Ave,Tennis Court,2003,
Flanders Park Tennis Court #1,145 Rhine Ave,Tennis Court,2003,
Piccadilly Park Tennis Court #2,695 Waterloo St,Tennis Court,1996,
Piccadilly Park Tennis Court #1,695 Waterloo St,Tennis Court,1996,
North London Optimist Community Centre Tennis Court #2,1345 Cheapside St,Tennis Court,1976,
North London Optimist Community Centre Tennis Court #1,1345 Cheapside St,Tennis Court,1976,
North London Optimist Community Centre Tennis Court #3,1345 Cheapside St,Tennis Court,1976,
North London Optimist Community Centre Tennis Court #6,1345 Cheapside St,Tennis Court,1976,
North London Optimist Community Centre Tennis Court #5,1345 Cheapside St,Tennis Court,1976,
North London Optimist Community Centre Tennis Court #4,1345 Cheapside St,Tennis Court,1976,
Glanworth Park Tennis Court #1,6536 Bradish Rd,Tennis Court,1996,
Ambleside Park Tennis Court #1,257 Ambleside Dr,Tennis Court,1996,
Ambleside Park Tennis Court #2,257 Ambleside Dr,Tennis Court,1996,
Carroll Park Tennis Court #1,270 Ellerslie Rd,Tennis Court,1996,
Carroll Park Tennis Court #2,270 Ellerslie Rd,Tennis Court,1996,
Thames Park Tennis Court #3,15 Ridout St S,Tennis Court,1996,
Thames Park Tennis Court #1,15 Ridout St S,Tennis Court,1996,
Thames Park Tennis Court #2,15 Ridout St S,Tennis Court,1996,
Thames Park Tennis Court #4,15 Ridout St S,Tennis Court,1996,
St. Julien Park Tennis Court #2,15 Tommy Hunter Way,Tennis Court,1996,
St. Julien Park Tennis Court #1,15 Tommy Hunter Way,Tennis Court,1996,
Foxfield District Park Tennis Court #1,2384 Buroak Dr,Tennis Court,2013,
Foxfield District Park Tennis Court #2,2384 Buroak Dr,Tennis Court,2013,
Boyle Park Tennis Court #1,1010 Princess Ave,Tennis Court,1996,
North London Athletic Fields Volleyball Court #1,1225 Adelaide St N,Volleyball Court,2013,
North London Athletic Fields Volleyball Court #2,1225 Adelaide St N,Volleyball Court,2013,
North London Athletic Fields Volleyball Court #3,1225 Adelaide St N,Volleyball Court,2013,
North London Athletic Fields Volleyball Court #4,1225 Adelaide St N,Volleyball Court,2013,
Springbank Park Wading Pool,1085 Commissioners Rd W,Wading Pool,1961,
Gibbons Park Spray Pad,2B Grosvenor St,Spray Pad,2007,
West Lions Park Spray Pad,20 Granville St,Spray Pad,2003,
Silverwoods Park Wading Pool,50 Sycamore St,Wading Pool,1963,
McMahen Park Wading Pool,640 Adelaide St N,Wading Pool,1962,
Kiwanis Park Spray Pad,612 Hale St,Spray Pad,2001,
Rowntree Park Spray Pad,750 Whetter Ave,Spray Pad,2001,
Smith Park Wading Pool,194 Brampton Rd,Wading Pool,1960,
Meredith Park Wading Pool,450 Nelson St,Wading Pool,1981,
Murray Park Wading Pool,75 Cliftonvale Ave,Wading Pool,1963,
Jorgenson Park Wading Pool,1308 Norman Ave,Wading Pool,1965,
University Heights Park Wading Pool,290 Trott Dr,Wading Pool,1996,
Northeast Recreation Centre Wading Pool,1050 Victoria Dr,Wading Pool,1968,
Jesse Davidson Park Spray Pad,731 Viscount Rd,Spray Pad,2005,
Northridge Pool  Wading Pool,15 Mclean Dr,Wading Pool,1968,
Ivey Park Spray Pad,331 Thames St,Spray Pad,2002,
Lambeth Centennial Park Spray Pad,7112 Beattie St,Spray Pad,2003,
Bonaventure Meadows Park Spray Pad,141 Bonaventure Dr,Spray Pad,2005,
Southeast Optimist Park- Spray Pad,237 Deveron Cres,Spray Pad,2008,
Ed Blake Park - Spray Pad,449 Barker St,Spray Pad,2010,
Medway Park - Spray Pad,1051 Wonderland Rd N,Spray Pad,2011,
Oakridge Optimist Park - Spray Pad,825 Valetta St,Spray Pad,2010,
Meadowgate Park - Spray Pad,3155 Meadowgate Blvd,Spray Pad,2015,
Springbank Park - Spray Pad,1085 Commissioners Rd W,Spray Pad,2015,
Labatt Park Washrooms #1,25 Wilson Ave,Washroom,2000,
Victoria Park Washrooms #1,580 Clarence St,Washroom,2012,
Silverwoods Park Washrooms #1,36 Sycamore St,Washroom,1945,
Carling Park Washrooms #1,675 Grosvenor St,Washroom,2000,
McMahen Park Washrooms #1,640 Adelaide St N,Washroom,2010,
Kiwanis Park - North Washrooms #1,612 Hale St,Washroom,1967,
Rowntree Park Washrooms #1,750 Whetter Ave,Washroom,2008,
Smith Park Washrooms #1,194 Brampton Rd,Washroom,1960,
Oakridge Optimist Community Park Washrooms #1,825 Valetta St,Washroom,1962,
Meredith Park Washrooms #1,450 Nelson St,Washroom,1981,
Basil Grover Park Washrooms #1,555 Wharncliffe Rd S,Washroom,1965,
Murray Park Washrooms #1,75 Cliftonvale Ave,Washroom,1963,
Jorgenson Park Washrooms #1,1308 Norman Ave,Washroom,2010,
Southcrest Park Washrooms #1,10 Hazelwood Ave,Washroom,,
University Heights Park Washrooms #1,290 Trott Dr,Washroom,1996,
Stronach Park Washrooms #1,1221 Sanford St,Washroom,2002,
Southeast Optimist Park Washrooms #1,237 Deveron Cres,Washroom,1993,
Greenway Park Washrooms #1,50 Greenside Ave,Washroom,2011,
Westminster Optimist Park Washrooms #1,  650 Osgoode Dr,Washroom,2013,
Northeast Recreation Centre Washrooms #1,1050 Victoria Dr,Washroom,1968,
River Road Golf Course Washrooms #1,2215 River Rd,Washroom,,
North London Athletic Fields Washrooms #1,1225 Adelaide St N,Washroom,2005,
Southwest Optimist Park Washrooms #1,682 Southdale Rd W,Washroom,1993,
North London Optimist Community Centre Washrooms #1,1345 Cheapside St,Washroom,1976,
Glanworth Park Washrooms #1,6536 Bradish Rd,Washroom,1980,
Ralph Hamlyn Park Washrooms #1,83 Dennis Ave,Washroom,1980,
Northridge Pool Washrooms #1,15 McLean Dr,Washroom,1968,
Thames Park Washrooms #1,25 Ridout St S,Washroom,2010,
Thames Park Washrooms #2,15 Ridout St S,Washroom,2002,
Ivey Park Washrooms #1,331 Thames St,Washroom,2003,
Lambeth Centennial Park Washrooms #1,7112 Beattie St,Washroom,1960,
Mckillop Park Washrooms #1,650 Riverside Dr,Washroom,1962,
Carling Heights Optimist Community Centre Washrooms #1,656 Elizabeth St,Washroom,1998,
Lambeth Optimist Park Washrooms #1,4200 Campbell St N,Washroom,1980,
Vauxhall Park Washrooms #1,54 Price St,Washroom,2001,
Windermere Fields Washrooms #1,733 Windermere Rd,Washroom,1996,
Covent Market Plaza Washrooms #1,130 King St,Washroom,2000,
Jesse Davidson Park Washrooms #1,731 Viscount Rd,Washroom,2007,
Springbank Park Washrooms #3,950 East Springbank Gate,Washroom,,
Civic Garden Centre Complex Washrooms #1,345 Wonderland Rd S,Washroom,1996,
Gibbons Park Washrooms #2,2A Grosvenor St,Washroom,,
Springbank Park Washrooms #5,285 Wonderland Rd S,Washroom,,
Ed Blake Park Washrooms #1,449 Barker St,Washroom,2010,
Kiwanis Park Central North Washrooms #1,1475 Brydges St,Washroom,2001,
Springbank Park Washrooms #6,285 Wonderland Rd S,Washroom,,
Springbank Park Washrooms #4,1116 Springbank Trail,Washroom,2011,
City Wide Sports Park  Washrooms #1,1510 Commissioners Rd W,Washroom,2011,
Meadowgate Park Washrooms #1,3155 Meadowgate Blvd,Washroom,2015,
Gibbons Park Washrooms #1,2B Grosvenor St,Washroom,2010,
West Lions Park Washrooms #1,20 Granville St,Washroom,2002,
Springbank Park Washrooms #7,285 Wonderland Rd S,Washroom,2009,
Springbank Park Washrooms #2,1205 Commissioners Rd,Washroom,2010,
Stronach Park Washrooms #2,1221 Sanford St,Washroom,2003,
Gibbons Park Washrooms #3,2B Grosvenor St,Washroom,,
Oakridge Optimist Community Park Washrooms #2,825 Valetta St,Washroom,2010,
West Lions Park Washrooms #2,20 Granville St,Washroom,2002,
Jorgenson Park Washrooms #2,1308 Norman Ave,Washroom,2010,
Silverwoods Park Washrooms #2,36 Sycamore St,Washroom,,
Silverwoods Park Washrooms #3,36 Sycamore St,Washroom,,
Lambeth Centennial Park Washrooms #2,7112 Beattie St,Washroom,1986,
St. Julien Park Washrooms #1,15 Tommy Hunter Way,Washroom,1975,
Springbank Park Washrooms #8,850 Arboretum Ave,Washroom,,
Springbank Park Washrooms #9,850 Arboretum Ave,Washroom,,
Springbank Park Washrooms #1,1958 Storybook Lane,Washroom,,
Beaverbrook Woods Soccer Field #1 - Mini,780 Mapleridge St,Soccer Field,2014,Mini
Boyle Community Centre / Park Soccer Field #1 - Micro,530 Charlotte St,Soccer Field,2011,Micro
Boyle Community Centre / Park Soccer Field #2 - Micro,530 Charlotte St,Soccer Field,2011,Micro
Boyle Community Centre / Park Soccer Field #3 - Micro,530 Charlotte St,Soccer Field,2011,Micro
Byron Hills Park Soccer Field #1 - Micro,955 Byronmanor Rd,Soccer Field,2014,Micro
Glen Cairn Park - East Soccer Field #1 - Mid,170 Helena Ave,Soccer Field,2012,Mid
Huron Heights Park Soccer Field #1 - Mid,185 Mcnay St,Soccer Field,2012,Mid
Whetherfield Park Soccer Field #1 - Mid,1115 Whetherfield St,Soccer Field,2012,Mid
Thames Park Soccer Field #1 - Mid,15 Ridout St S,Soccer Field,2009,Mid
Westminster Ponds-Dearness Open Space Soccer Field #1 - Mid,710 Southdale Rd E,Soccer Field,2010,Mid
North London Athletic Soccer Field #7 - Mid,1225 Adelaide St N,Soccer Field,2010,Mid
Greenway Park Soccer Field #6 - Mid,50 Greenside Ave,Soccer Field,2011,Mid
Greenway Park Soccer Field #7 - Mid,50 Greenside Ave,Soccer Field,2011,Mid
Hazelden Park Soccer Field #2 - Mid,430 Hyde Park Rd,Soccer Field,2014,Mid
Hazelden Park Soccer Field #3 - Mid,430 Hyde Park Rd,Soccer Field,2014,Mid
Jesse Davidson Park Soccer Field #3 - Mid,731 Viscount Rd,Soccer Field,2001,Mid
Jesse Davidson Park Soccer Field #4 - Mid,731 Viscount Rd,Soccer Field,2015,Mid
Meadowgate Fields Soccer Field #3 - Mid,3155 Meadowgate Blvd,Soccer Field,2010,Mid
Meadowgate Fields Soccer Field #4 - Mid,3155 Meadowgate Blvd,Soccer Field,2010,Mid
Meadowgate Fields Soccer Field #5 - Mid,3155 Meadowgate Blvd,Soccer Field,2010,Mid
North London Athletic Fields Soccer Field #8 - Mid,1225 Adelaide St N,Soccer Field,2014,Mid
North London Athletic Fields Soccer Field #9 - Mid,1225 Adelaide St N,Soccer Field,2014,Mid
North London Athletic Fields Soccer Field #10 - Mid,1225 Adelaide St N,Soccer Field,2010,Mid
North London Athletic Fields Soccer Field #11 - Mid,1225 Adelaide St N,Soccer Field,2010,Mid
Southwest Optimist Park Soccer Field #3 - Mid,682 Southdale Rd W,Soccer Field,1993,Mid
Southwest Optimist Park Soccer Field #4 - Mid,682 Southdale Rd W,Soccer Field,1993,Mid
The Green Soccer Field #2 - Mini,165 Elmwood Ave E,Soccer Field,1999,Mini
Lambeth Optimist Park Soccer Field #2 - Mid,4200 Campbell St N,Soccer Field,2011,Mid
Lambeth Optimist Park Soccer Field #3 - Mid,4200 Campbell St N,Soccer Field,2011,Mid
Kensal Park Baseball Diamond #1,284 Admiral Dr,Baseball Diamond,2000,
Admiral Park Baseball Diamond #1,284 Admiral Dr,Baseball Diamond,1996,
Doidge Park Baseball Diamond #1,300 Cromwell St,Baseball Diamond,1996,
Rowntree Park Baseball Diamond #1,750 Whetter Ave,Baseball Diamond,1999,
Powell Park Basketball Court #1 - Full,800 Superior Dr,Basketball Court,2015,Full
Kensal Park Soccer Field #3 - Mini,150 Chelsea Ave,Soccer Field,2011,Mini
Murray Park Soccer Field #3 - Full,75 Cliftonvale Ave,Soccer Field,2012,Full
South London Community Centre Spray Pad,1119 Jalna Blvd,Spray Pad,2001,
Stoneybrook Recreation Field Washroom #1,815 Windermere Rd,Washroom,1996,Other
Winblest Park Play Structure #2,640 Winblest Ave,Play Structure,2008,
Chelsea Green Park Play Structure #1,1 Adelaide St S,Play Structure,2017,
Chelsea Green Park Swing Set #1,1 Adelaide St S,Swing Set,2017,
Constitution Park Spray Pad,725 Grenfell Dr,Spray Pad,2017,
Forest Hill Park Basketball Court #1 - Half,1955 Rollingacres Dr,Basketball Court,2017,Half
Forest View Park Swing Set #1,323 Hudson Dr,Swing Set,2017,
Forest View Park Swing Set #2,323 Hudson Dr,Swing Set,2017,
Glen Cairn Park - East Basketball Court #1 - Full,170 Helena Ave,Basketball Court,2017,Full
Mitchell Park Swing Set #1,651 Westwood Dr,Swing Set,2017,
River East Optimist Park Out Door Ice Rink,55 Danielle Cres,Outdoor Ice Pad,2017,Outdoor
River East Optimist Park Swing Set #1,55 Danielle Cres,Swing Set,2017,
Vista Woods Park Soccer Field #1 - Mini,1075 Melsetter Way,Soccer Field,2017,Mini
Vista Woods Park Play Structure #1,1075 Melsetter Way,Play Structure,2017,
Vista Woods Park Swing Set #1,1075 Melsetter Way,Swing Set,2017,
Ed Blake Community Garden,499 Barker St,Community Garden,,
Greenway - Off-Leash Dog Park #2,50 Greenside Ave,Off-leash Park,2017,
Earl Nichols Park and Arena Basketball Court #2 - Full,799 Homeview Rd,Basketball Court,2018,Full
Cedar Hollow Park Swing Set #2,564 Killarney Rd,Swing Set,2018,
Mornington Park Swing Set #1,800 High Holborn St,Swing Set,2018,
North London Athletic Fields Volleyball Court #5,1225 Adelaide St N,Volleyball Court,2018,
North London Athletic Fields Volleyball Court #6,1225 Adelaide St N,Volleyball Court,2018,
North London Athletic Fields Volleyball Court #7,1225 Adelaide St N,Volleyball Court,2018,
North London Athletic Fields Volleyball Court #8,1225 Adelaide St N,Volleyball Court,2018,
North London Athletic Fields Volleyball Court #9,1225 Adelaide St N,Volleyball Court,2018,
North London Athletic Fields Volleyball Court #10,1225 Adelaide St N,Volleyball Court,2018,
North London Athletic Fields Volleyball Court #11,1225 Adelaide St N,Volleyball Court,2018,
North London Athletic Fields Volleyball Court #12,1225 Adelaide St N,Volleyball Court,2018,
North London Athletic Fields Volleyball Court #13,1225 Adelaide St N,Volleyball Court,2018,
Carling Park Play Structure #1,675 Grosvenor St,Swing Set,2018,
Chesham Heights Park Adult Exercise Station #1,328 Castlegrove Blvd,Adult Exercise Stn,2018,
Chesham Heights Park Adult Exercise Station #2,328 Castlegrove Blvd,Adult Exercise Stn,2018,
Chesham Heights Park Adult Exercise Station #3,328 Castlegrove Blvd,Adult Exercise Stn,2018,
Chesham Heights Park Adult Exercise Station #4,328 Castlegrove Blvd,Adult Exercise Stn,2018,
Fanshawe Optimist Little League Park #1 - Half,65 Tweed Cres,Basketball Court,2018,Half
Fanshawe Optimist Little League Park Play Structure #1,65 Tweed Cres,Play Structure,2018,
Fanshawe Optimist Little League Park Swing Set #1,65 Tweed Cres,Swing Set,2018,
Mornington Park Basketball Court #1 - Full,800 High Holborn St,Basketball Court,2018,Full
Tokala Woods Play Structure #1,3150 Tokala Trail,Play Structure,2018,
Tokala Woods Swing Set #1,3150 Tokala Trail,Swing Set,2018,
Water Oak Park Swing Set #1,2245 Water Oak Dr,Swing Set,2018,
Water Oak Park Play Structure #1,2245 Water Oak Dr,Play Structure,2018,
Nicholas Wilson Park Disc Golf #1,16 Fitzroy Pl,Disc Golf,2018,
Osgoode Drive Park Disc Golf #1,580 Osgoode Dr,Disc Golf,2018,
Stanhope Park Disc Golf #1,29 Shaftesbury Ave,Disc Golf,2018,